0,622002,2278,1253598,0,50673904,21,1584477432,635.0,3991861.0,1253173.0,50.77722295440648,3501.097014925373,511.0
0,622003,2368,1198852,0,18797264,16,1584477529,97.0,3991778.0,1198427.0,18.835981359684837,7800.320945945946,4419.0
0,622004,1423,1065164,0,11204935,4,1584477593,64.0,3996706.0,1064704.0,11.214169868887026,11342.51229796205,10485.0
0,622005,2594,1326126,0,80404059,19,1584478796,1203.0,3991866.0,1325745.0,80.56789381206684,621.1703932151117,620.5
0,622006,2146,1288804,0,47355883,21,1584479305,509.0,3991897.0,1288504.0,47.452008907043435,875.2343895619757,404.0
0,622007,2526,1297984,0,74488173,0,1584480367,1062.0,3987411.0,1295475.0,74.63682875931275,622.6467326732674,556.0
0,622008,2079,1294843,0,43690413,21,1584481031,664.0,3991959.0,1294470.0,43.778418565922145,1394.7955747955746,424.0
0,622009,2614,1305884,0,48904016,0,1584481762,731.0,3996658.0,1305424.0,48.944909471863745,4173.916602907421,564.0
0,622010,2374,1034553,0,5883447,18,1584481797,35.0,3991792.0,1034164.0,5.895544657637473,8441.574557708509,2463.5
0,622011,2457,1220596,0,14576220,24,1584482022,225.0,3991671.0,1220214.0,14.606634665031262,34708.24135124135,31795.0
0,622012,1758,1216984,0,62679751,0,1584482629,607.0,3996933.0,1216524.0,62.72784757712977,476.8703071672354,331.0
0,622013,1243,1392824,0,16359748,4,1584482862,233.0,3996619.0,1392364.0,16.373587775066873,17775.699115044248,199.0
0,622014,1815,1349079,0,36256379,0,1584483441,579.0,3991925.0,1348706.0,36.329719621485864,8083.073829201102,361.0
0,622015,2294,1313928,0,73488427,4,1584484585,1144.0,3991796.0,1313555.0,73.63946153560956,635.8164777680906,622.0
0,622016,2146,1290254,0,71122598,20,1584485607,1022.0,3991928.0,1289876.0,71.26641362269059,587.7497670083877,558.5
0,622017,1867,1178444,0,9934719,0,1584485709,102.0,3996982.0,1177984.0,9.942220405295796,10247.685591858597,1202.0
0,622018,1575,1416999,0,7522945,0,1584485819,110.0,3991700.0,1416599.0,7.538587569206103,68051.64253968254,72012.0
0,622019,1689,1202114,0,26755736,0,1584486282,463.0,3983861.0,1196096.0,26.61989863602169,7828.334718100891,269.0
0,622020,193,1024693,0,1458816,21,1584486291,9.0,3991829.0,1024304.0,1.461802096232078,77603.8134715026,76352.0
0,622021,717,1088336,0,11722573,16,1584486482,191.0,3982591.0,1083448.0,11.663210206621768,22042.44397759104,122.0
0,622022,2455,1375126,0,57965405,0,1584487494,1012.0,3991932.0,1374753.0,58.082557518514854,532.020366598778,533.0
0,622023,1414,1202444,0,22473464,12,1584487826,332.0,3864205.0,1166530.0,22.272870098765463,3322.1330502477003,256.0
0,622024,2644,1291343,0,46600508,4,1584488802,976.0,3991825.0,1290961.0,46.69594283316528,1169.0953101361574,553.0
0,622025,1811,1161936,0,27595589,17,1584489399,597.0,3991931.0,1161557.0,27.6513687235576,2915.0132523467696,306.0
0,622026,648,1044656,0,9840857,1,1584489587,188.0,3991779.0,1044288.0,9.861124075255669,19483.60648148148,109.0
0,622027,2384,1290406,0,82436280,20,1584491412,1825.0,3991739.0,1290017.0,82.60688386690613,952.9672818791946,947.5
0,622028,2495,1200310,0,21629397,4,1584491626,214.0,3991929.0,1199928.0,21.67312795392904,2249.7318637274548,1059.0
0,622029,1664,1339229,0,15288337,18,1584491962,336.0,3991927.0,1338838.0,15.319255086578488,33033.97776442308,275.0
0,622030,2603,1269279,0,33434308,23,1584492709,747.0,3741635.0,1268897.0,35.742992568756705,21733.00576258164,531.0
0,622031,2787,1246421,0,56376658,8,1584494022,1313.0,3991893.0,1246032.0,56.491151441183426,666.2576246860424,661.0
0,622032,713,341351,0,3035428,12,1584494080,58.0,958899.0,340926.0,12.662138556824026,566.5413744740532,546.0
0,622033,2805,1283638,0,75777208,10,1584496050,1970.0,3991920.0,1283247.0,75.93058778733041,1011.0434937611408,1035.0
0,622034,2147,1151626,0,8150668,1,1584496110,60.0,3099718.0,943783.0,10.517947761699613,1015.0871794871796,1026.0
0,622035,1939,1255068,0,79151809,2,1584497516,1406.0,3991858.0,1254643.0,79.31325112266019,768.145435791645,767.0
0,622036,2674,1270051,0,64690288,17,1584498912,1396.0,3991845.0,1269660.0,64.82244475925293,1008.5317875841437,907.0
0,622037,2066,1299132,0,31618413,19,1584499343,431.0,3991492.0,1298707.0,31.685808715137096,1104.1476282671829,664.5
0,622038,2323,1335252,0,68694845,2,1584500915,1572.0,3996656.0,1334792.0,68.7523219411428,828.0159276797244,834.0
0,622039,2128,1280036,0,52486705,4,1584502057,1142.0,3991585.0,1279654.0,52.59735668913477,753.936560150376,703.5
0,622040,2777,1342103,0,79574021,0,1584504937,2880.0,3991981.0,1341712.0,79.73386747081211,1471.250270075621,1446.0
0,622041,2231,1175877,0,28326490,13,1584505056,119.0,3991991.0,1175495.0,28.38332050347809,2081.793366203496,2072.0
0,622042,2579,1165389,0,35396364,6,1584505796,740.0,3991984.0,1165006.0,35.46744075126553,1724.002326483133,613.0
0,622043,2009,1311639,0,22802331,12,1584506187,391.0,3996734.0,1311179.0,22.820964317365128,2775.737182677949,385.0
0,622044,615,1709420,0,3048941,0,1584506246,59.0,3991980.0,1709037.0,3.0550664081483374,5166.517073170732,5284.0
0,622045,1641,1130646,0,23121711,0,1584506678,432.0,3982198.0,1130257.0,23.22507419269459,2259.232784887264,290.0
0,622046,563,221111,0,7428953,0,1584506895,217.0,677344.0,220651.0,43.87107880190864,118.91474245115452,118.0
0,622047,1021,475087,0,15854759,21,1584507290,395.0,1446501.0,474642.0,43.84306405595295,217.16846229187072,221.0
0,622048,1230,491330,0,16714547,18,1584507738,448.0,1573843.0,490984.0,42.48084974168326,225.6073170731707,221.0
0,622049,1556,669599,0,22336268,19,1584508345,607.0,2056312.0,669154.0,43.449180863604354,332.55012853470436,348.5
0,622050,1720,866792,0,20830348,19,1584508947,602.0,2549065.0,866332.0,32.6870409346172,334.48488372093016,346.0
0,622051,1053,468343,0,16287961,21,1584509382,435.0,1459299.0,467898.0,44.64598687451989,230.5232668566002,239.0
0,622052,326,166361,0,6210078,0,1584509505,123.0,499725.0,165936.0,49.70796337985893,59.36503067484663,57.5
0,622053,993,420310,0,12627631,10,1584509877,372.0,1259910.0,419928.0,40.09058107325127,195.89828801611282,198.0
0,622054,1907,933831,0,28983266,4,1584510718,841.0,2966230.0,933442.0,39.084313758541995,445.4153120083901,454.0
0,622055,708,320144,0,10428941,0,1584510976,258.0,1075638.0,319770.0,38.78234498967125,124.59887005649719,123.0
0,622056,184,66779,0,2276653,0,1584511056,80.0,203781.0,66399.0,44.68822903018437,44.05978260869565,40.0
0,622057,260,138834,0,6196591,20,1584511128,72.0,476200.0,138466.0,52.05032339353213,42.89230769230769,44.0
0,622058,166,74997,0,2457503,12,1584511194,66.0,210382.0,68266.0,39.119373330418,32.69696969696969,36.0
0,622059,1217,782170,0,30815844,0,1584511628,434.0,2651551.0,775654.0,46.46886897517717,236.921875,248.0
0,622060,2575,1268108,0,58640034,21,1584513122,1494.0,3991976.0,1267730.0,58.75790235211835,785.4617475728155,797.0
0,622061,2496,1066180,0,21619345,10,1584513588,466.0,3387498.0,1065720.0,25.528392931892505,643.9635416666666,387.0
0,622062,3287,1348892,0,80585690,23,1584516047,2459.0,3991743.0,1348509.0,80.75238310682828,1338.4885914207484,1495.0
0,622063,3239,1294420,0,96502440,1,1584520004,3957.0,3991992.0,1294029.0,96.69602544293676,2046.5155912318617,2000.0
0,622064,2429,1402469,0,74135411,0,1584520641,637.0,3991565.0,1402088.0,74.29207441191612,1986.703993412927,1717.0
0,622065,2981,1334200,0,54564470,12,1584520700,59.0,3991568.0,1333775.0,54.67973488112942,3476.083529017109,3570.0
0,622066,2728,1307206,0,89781961,4,1584523331,2631.0,3914534.0,1290308.0,90.68528923238372,1393.704613095238,1379.0
0,622067,2992,1247571,0,88769488,12,1584526506,3175.0,3991931.0,1247174.0,88.9489202092922,1793.0641711229944,1670.0
0,622068,2685,1414708,0,79207543,10,1584527615,1109.0,3996804.0,1414248.0,79.27088043346635,1747.0826815642456,1000.0
0,622069,2359,1390472,0,68666741,2,1584528010,395.0,3991716.0,1390128.0,68.80924494628375,2462.379398050021,1595.0
0,622070,2189,1266373,0,65367093,0,1584528170,160.0,3996810.0,1265913.0,65.41926486372883,3300.438556418456,3268.0
0,622071,2966,1348229,0,89468479,0,1584530694,2524.0,3991714.0,1347784.0,89.65419767047439,1301.6126095751856,1231.0
0,622072,1516,1482190,0,78633543,18,1584531518,824.0,3996861.0,1481730.0,78.69529913599698,920.6292875989445,584.5
0,622073,1478,1566316,0,69263697,18,1584531610,92.0,3991857.0,1565937.0,69.40498820473779,2083.418132611637,1610.0
0,622074,2399,1382067,0,59835603,1,1584531772,162.0,3991957.0,1381642.0,59.956159848415204,2969.162567736557,1696.0
0,622075,3110,1206763,0,57722581,1,1584532186,414.0,3996879.0,1206303.0,57.76765421219907,3611.018649517685,2404.5
0,622076,2343,1342203,0,80700313,10,1584533613,1427.0,3991650.0,1341903.0,80.86912730324552,757.151941954759,754.0
0,622077,2519,1320588,0,74114165,0,1584534564,951.0,3991622.0,1320209.0,74.2697229346867,901.0539896784437,680.0
0,622078,2753,1274663,0,69805950,4,1584535399,835.0,3991785.0,1274274.0,69.94960900950326,2857.6447511805304,682.0
0,622079,3031,1326026,0,68475964,0,1584536461,1062.0,3996772.0,1325566.0,68.53126873386823,2545.060376113494,731.0
0,622080,2730,1195377,0,37386261,4,1584536512,51.0,3989934.0,1194417.0,37.45009115439002,7029.115835777126,5621.5
0,622081,2353,1254100,0,99631058,0,1584538457,1945.0,3991986.0,1253763.0,99.83106954783906,1067.0803229919252,1048.0
0,622082,2564,1284988,0,67750385,0,1584538561,104.0,3991935.0,1284558.0,67.88726269340557,1011.3931357254289,948.0
0,622083,1558,1136830,0,61370333,4,1584538695,134.0,3991643.0,1136447.0,61.49881940844911,2494.742618741977,1196.0
0,622084,2487,1264425,0,67488914,16,1584539339,644.0,3991903.0,1264036.0,67.62580553685798,1643.8882187374347,469.0
0,622085,1684,1083845,0,39115850,12,1584539366,27.0,3928910.0,1064582.0,38.703941805742566,3913.8252605763337,2336.0
0,622086,1908,1204780,0,74729011,20,1584540079,713.0,3991733.0,1204391.0,74.88377704621027,411.60849056603774,371.5
0,622087,2253,1344786,0,86245516,0,1584540885,806.0,3981942.0,1340775.0,86.45373739748092,551.2699331848553,435.0
0,622088,2525,1213735,0,36101418,0,1584540918,33.0,3991637.0,1213313.0,36.17705517811364,6576.0736633663355,3877.0
0,622089,2667,1197457,0,44918370,0,1584541195,277.0,3991502.0,1197158.0,45.0140022477754,6428.329208848894,4020.0
0,622090,2995,1328859,0,56629905,0,1584541824,629.0,3991465.0,1328470.0,56.75099744078928,3094.583305509182,451.0
0,622091,2709,1260688,0,30946354,19,1584541846,22.0,3996822.0,1260228.0,30.97096042806009,10051.81284606866,9648.0
0,622092,3266,1298428,0,109936278,0,1584545719,3873.0,3991847.0,1298003.0,110.16081327766321,1882.1445192896508,1811.5
0,622093,3156,1298811,0,101976414,17,1584548773,3054.0,3991970.0,1298432.0,102.18154344847281,1745.4024081115335,1554.0
0,622094,2677,1340136,0,92415166,0,1584550598,1825.0,3991706.0,1339853.0,92.60718700224916,1393.5173701905114,1079.0
0,622095,2290,1668348,0,78655796,0,1584550824,226.0,3991982.0,1667903.0,78.81377821843887,3679.936681222708,3594.0
0,622096,2684,1280772,0,76036490,4,1584551145,321.0,3991664.0,1280426.0,76.19528096553216,3863.7444113263787,2947.0
0,622097,2929,1352611,0,91838386,17,1584552662,1517.0,3991884.0,1352220.0,92.02510493791904,1050.902014339365,818.0
0,622098,2983,1297278,0,76709145,0,1584552949,287.0,3991829.0,1296899.0,76.86616335519382,3938.3362386858867,3261.0
0,622099,2568,1338881,0,87975600,10,1584553955,1006.0,3991908.0,1338492.0,88.15393541133713,1467.518691588785,664.0
0,622100,1885,1330923,0,90164002,0,1584554946,991.0,3991958.0,1330577.0,90.34564191306622,718.4546419098143,539.0
0,622101,2626,1301708,0,94736784,0,1584556580,1634.0,3991824.0,1301283.0,94.93082260139722,1023.6165270373192,886.5
0,622102,3039,1354910,0,93732286,19,1584558656,2076.0,3985264.0,1352293.0,93.89417514122026,1237.0277227722772,1111.0
0,622103,2623,1599757,0,78552808,19,1584558912,256.0,3996984.0,1599297.0,78.61208150945814,2828.505909264201,1940.0
0,622104,2954,1336332,0,95208836,12,1584560715,1803.0,3966249.0,1326429.0,95.44297193645686,1169.4972714870396,981.0
0,622105,3068,1284950,0,79701536,0,1584561128,413.0,3991946.0,1284572.0,79.86233881921248,3235.3425684485005,1532.5
0,622106,3529,1266783,0,72363267,0,1584561208,80.0,3991564.0,1266415.0,72.51620367354752,10925.960328705016,13432.0
0,622107,2452,1236577,0,81236548,21,1584561894,686.0,3991557.0,1236132.0,81.4083807396462,3298.3017944535072,528.0
0,622108,3118,1267938,0,80598550,0,1584562589,695.0,3991708.0,1267564.0,80.76597787212893,5492.245349583066,692.0
0,622109,3110,1254687,0,77408961,15,1584563172,583.0,3991682.0,1254341.0,77.5702683730818,6589.35659163987,1627.0
0,622110,3141,1244664,0,73252251,12,1584563454,282.0,3991900.0,1244239.0,73.40088779779053,8435.815663801337,8185.0
0,622111,2861,1276485,0,81108301,6,1584564216,762.0,3991664.0,1276103.0,81.27768369281583,4650.944774554352,613.0
0,622112,2534,1278272,0,71126124,0,1584564961,745.0,3991955.0,1277870.0,71.2694647108998,3673.561562746645,553.0
0,622113,1659,1258213,0,77164830,12,1584565456,495.0,3991827.0,1257831.0,77.3228198516619,4365.514767932489,357.0
0,622114,2675,1382868,0,82915670,19,1584566552,1096.0,3996704.0,1382408.0,82.98404885625756,1840.11738317757,648.0
0,622115,2847,1163610,0,64465463,0,1584566585,33.0,3911906.0,1135793.0,64.15573789349746,13397.718142548596,14389.0
0,622116,2818,1238061,0,76845473,0,1584567398,813.0,3991939.0,1237636.0,77.00064855700452,4862.252306600426,646.0
0,622117,2891,1212742,0,72021456,1,1584568065,667.0,3991676.0,1212359.0,72.17164519364799,7926.84780352819,2066.0
0,622118,2697,1321616,0,81602974,21,1584569126,1061.0,3991969.0,1321171.0,81.76714197930895,2512.2903225806454,662.0
0,622119,3060,1304678,0,74312915,0,1584569959,833.0,3991919.0,1304297.0,74.46334958199301,6665.854575163398,738.5
0,622120,2950,1167243,0,55901943,0,1584570037,78.0,3862215.0,1116153.0,54.275352356096185,13823.18713248011,12109.0
0,622121,2579,1208154,0,65224801,19,1584570721,684.0,3991961.0,1207709.0,65.35615052351463,7690.127568825125,624.0
0,622122,2657,1198620,0,52544566,4,1584570753,32.0,3997022.0,1198160.0,52.58371457550146,16917.85773428679,16402.0
0,622123,2621,1265371,0,38098450,18,1584570762,9.0,3996777.0,1264911.0,38.129172580806994,19943.932468523464,19555.0
0,622124,2674,1364321,0,93601291,16,1584572532,1770.0,3991792.0,1363942.0,93.7937557868747,954.9547494390426,954.0
0,622125,2747,1222834,0,52096279,10,1584572995,463.0,3990124.0,1222024.0,52.19011338995981,8594.105646630236,1727.0
0,622126,2794,1429625,0,92971122,21,1584575639,2644.0,3991779.0,1429203.0,93.1625944221862,1840.015390121689,1431.0
0,622127,2779,1428762,0,91643576,0,1584578702,3063.0,3987502.0,1426399.0,91.83521613280695,1693.4792792792796,1660.0
0,622128,2181,1333369,0,83221749,0,1584579816,1114.0,3991950.0,1332969.0,83.38957051065269,1680.0440165061898,863.0
0,622129,3194,1333888,0,82128439,0,1584580948,1132.0,3991648.0,1333510.0,82.30028198879259,2836.949279899812,1504.5
0,622130,3226,1220218,0,54076875,19,1584581141,193.0,3991950.0,1219845.0,54.18592417239696,4765.447923124611,4213.5
0,622131,2611,1277616,0,77606936,0,1584582241,1100.0,3991938.0,1277244.0,77.76366867421288,1150.7755649176559,683.0
0,622132,2186,1344305,0,70252591,20,1584583041,800.0,3991902.0,1343880.0,70.39510589187809,2720.9634034766696,580.5
0,622133,2090,1208923,0,53979349,0,1584583370,329.0,3991716.0,1208478.0,54.09137223189225,11654.498564593301,4227.0
0,622134,2602,1295267,0,31299164,0,1584583401,31.0,3991666.0,1294888.0,31.364511960670058,20891.17909300538,19672.0
0,622135,2508,1157191,0,52323957,2,1584583909,508.0,3991737.0,1156746.0,52.4322689596033,10197.114433811805,644.0
0,622136,2264,1153501,0,30827768,0,1584583973,64.0,3991006.0,1152901.0,30.88338529182868,28058.73707467963,18184.0
0,622137,2789,1357320,0,77109298,10,1584585485,1512.0,3991765.0,1356895.0,77.26837426551914,1919.9214772319826,904.0
0,622138,2603,1357338,0,92252460,19,1584588182,2697.0,3991860.0,1357038.0,92.44057657332672,1376.3987706492508,1391.0
0,622139,3017,1302332,0,77556701,4,1584589188,1006.0,3991992.0,1301907.0,77.71228098653505,1643.1627444481271,976.0
0,622140,1876,1160968,0,29536594,21,1584589407,219.0,3192059.0,959366.0,37.01259155924123,21187.98719316969,5295.0
0,622141,2287,1199127,0,55131094,0,1584590383,976.0,3996602.0,1198667.0,55.17796768354717,11967.963707914298,823.0
0,622142,1740,1144955,0,55180023,12,1584590981,598.0,3991929.0,1144530.0,55.291587600881684,15228.283333333333,543.0
0,622143,2707,1224067,0,52735044,0,1584591927,946.0,3991578.0,1223784.0,52.846311909725934,15375.901366826743,856.0
0,622144,1890,1082062,0,22665320,10,1584591948,21.0,3866418.0,1031703.0,22.264016979022962,32781.288483466364,28410.0
0,622145,1972,1179211,0,36364106,0,1584592305,357.0,3997026.0,1178751.0,36.39116282956378,24125.116632860037,6025.0
0,622146,2573,1221673,0,48842569,20,1584593089,784.0,3991697.0,1221299.0,48.944164850187775,12843.640497473765,749.0
0,622147,2577,1222354,0,24371931,21,1584593388,299.0,3991590.0,1221909.0,24.423280948193568,32729.53084982538,25607.0
0,622148,2317,1286347,0,51317746,18,1584594185,797.0,3991652.0,1285964.0,51.42507012134325,16841.852826931376,697.0
0,622149,2119,1272777,0,16432763,0,1584594376,191.0,3991867.0,1272352.0,16.466242988556484,34835.883435582815,37054.0
0,622150,1962,1171523,0,49501816,2,1584595298,922.0,3991597.0,1171150.0,49.606025858822925,9120.96024464832,659.0
0,622151,2384,1285071,0,61024474,10,1584596722,1424.0,3991985.0,1284689.0,61.146997295831525,5754.174077181208,890.0
0,622152,2263,1263447,0,72606176,4,1584598023,1301.0,3996743.0,1262987.0,72.66534375615345,895.1869200176758,715.0
0,622153,1730,1081764,0,15703239,10,1584598148,125.0,3991762.0,1081339.0,15.735646564098762,30579.86994219653,5516.0
0,622154,1930,1311463,0,49494115,20,1584598824,676.0,3970208.0,1296173.0,49.81209951720414,7941.477967858994,476.0
0,622155,2412,1226632,0,37676142,21,1584599502,678.0,3996879.0,1226172.0,37.705561764566795,10706.289386401326,464.0
0,622156,2994,1285001,0,10218245,0,1584599578,76.0,3991931.0,1284623.0,10.238899419854702,30134.5547762191,25664.5
0,622157,2713,1301037,0,41489900,12,1584600172,594.0,3991641.0,1300665.0,41.576785086634786,8492.857353483229,424.0
0,622158,2435,1208852,0,27602823,12,1584600687,515.0,3991692.0,1208427.0,27.660273387826514,17610.324845995892,514.0
0,622159,2801,1158994,0,24182640,0,1584601143,456.0,3996867.0,1158534.0,24.20159589998867,26521.214209211,599.0
0,622160,2081,1318271,0,20983461,0,1584601410,267.0,3991774.0,1317826.0,21.02670241351339,33319.21143680923,1176.0
0,622161,1923,1249638,0,49833769,20,1584602077,667.0,3991785.0,1249260.0,49.936325728965855,1336.0920436817473,368.0
0,622162,1452,1350346,0,13617009,10,1584602273,196.0,3991605.0,1349955.0,13.64564780332723,29023.843663911844,4162.5
0,622163,2400,1269894,0,52966632,19,1584603334,1061.0,3991703.0,1269449.0,53.076726399734646,573.0904166666667,603.0
0,622164,2531,1282701,0,73859518,14,1584604760,1426.0,3991921.0,1282312.0,74.00899767305016,739.2259976293955,710.0
0,622165,2444,1131802,0,30722863,0,1584604953,193.0,3991962.0,1131420.0,30.784724904695988,7183.74427168576,876.0
0,622166,2429,1422633,0,35568867,21,1584605413,460.0,3991870.0,1422265.0,35.6413079584255,20615.37093454096,385.0
0,622167,2308,1329363,0,36071078,0,1584605973,560.0,3991902.0,1328964.0,36.14425203825144,8341.896013864818,334.5
0,622168,2656,1325524,0,65616977,21,1584607140,1167.0,3996951.0,1325064.0,65.66703169490944,629.8972138554218,623.0
0,622169,2523,1249997,0,29631293,10,1584607512,372.0,3991857.0,1249608.0,29.691737955542997,1570.9334126040426,328.0
0,622170,1632,1169781,0,30377905,0,1584607994,482.0,3991706.0,1169357.0,30.44102446422657,4007.873774509804,296.5
0,622171,2791,1386049,0,87921826,18,1584610092,2098.0,3991898.0,1385660.0,88.10027310317047,1044.2952346829093,1054.0
0,622172,2559,1258034,0,47466500,16,1584610319,227.0,3996715.0,1257574.0,47.50551390329308,983.3192653380228,926.0
0,622173,2938,1305240,0,99390447,0,1584613056,2737.0,3991660.0,1304857.0,99.59810905738465,1351.7287270251873,1313.0
0,622174,2046,1383213,0,80471927,19,1584613371,315.0,3996722.0,1382753.0,80.53792783185821,1217.821603128055,1054.5
0,622175,2234,1538426,0,77012436,2,1584613631,260.0,3991794.0,1538001.0,77.17075179731218,1408.7099373321396,1314.5
0,622176,1179,1939020,0,93783251,12,1584614351,720.0,3991811.0,1938638.0,93.97564263438323,399.8346055979644,371.0
0,622177,1959,1623300,0,74454704,0,1584614542,191.0,3996992.0,1622840.0,74.5107360735273,909.20112302195,416.0
0,622178,1939,1384477,0,55009584,0,1584614874,332.0,3996828.0,1384017.0,55.05324122028769,1464.545126353791,750.0
0,622179,2615,1236459,0,22377725,0,1584615041,167.0,3991838.0,1236176.0,22.423480111166835,1851.6478011472275,1356.0
0,622180,2874,1105108,0,23076395,21,1584615323,282.0,3997026.0,1104648.0,23.093565065626287,2288.415796798887,1399.0
0,622181,1733,1751459,0,86798904,0,1584615972,649.0,3991947.0,1751034.0,86.97400441438727,8.197922677437969,0.0
0,622182,1114,1985947,0,94526813,0,1584616644,672.0,3991992.0,1985502.0,94.71643530347755,0.0,0.0
0,622183,2509,1215897,0,17109581,0,1584616666,22.0,3996698.0,1215437.0,17.123716628076476,2563.9394180948584,943.0
0,622184,1891,1149867,0,10586658,21,1584616776,110.0,3991946.0,1149494.0,10.608017242718212,5496.132734003173,5602.0
0,622185,2190,1445017,0,27010141,12,1584617095,319.0,3991616.0,1444592.0,27.066873166156263,14284.106392694064,218.0
0,622186,3128,1350586,0,88316144,10,1584618448,1353.0,3991902.0,1350213.0,88.49530274039793,687.9757033248083,691.5
0,622187,2579,1301518,0,21236191,12,1584618467,19.0,3991942.0,1301140.0,21.27905766165941,3583.628538193098,851.0
0,622188,2142,1265608,0,88160368,10,1584619453,986.0,3996966.0,1265148.0,88.22728839825007,465.19234360410826,486.0
0,622189,906,1960116,0,92174496,20,1584619930,477.0,3991897.0,1959748.0,92.36159750614807,259.34768211920533,265.0
0,622190,2481,1610751,0,91417575,21,1584620870,940.0,3991919.0,1610306.0,91.6026352238109,694.7436517533251,516.0
0,622191,3068,1275999,0,69086599,0,1584621305,435.0,3991797.0,1275600.0,69.22856948887932,923.78226205998,444.5
0,622192,2810,1182699,0,21722544,4,1584621457,152.0,3996788.0,1182239.0,21.74000122098045,1164.640925266904,1028.0
0,622193,2040,1361055,0,19156825,19,1584621665,208.0,3991815.0,1360674.0,19.19610502991747,2760.619607843137,1745.0
0,622194,2663,1368229,0,93007368,16,1584623109,1444.0,3991687.0,1367851.0,93.20106310940712,724.6289898610588,725.0
0,622195,2311,1255316,0,94130879,19,1584623374,265.0,3991972.0,1254871.0,94.32017960045813,594.3807875378624,708.0
0,622196,1803,1189249,0,72330550,2,1584623869,495.0,3991842.0,1188804.0,72.4783696348703,334.6777592900721,343.0
0,622197,2270,1237504,0,76891561,12,1584624469,600.0,3996981.0,1237044.0,76.94963873983889,484.33215418502624,376.0
0,622198,1546,1148782,0,80099196,2,1584625003,534.0,3991851.0,1148337.0,80.26271120840933,368.3395860284605,317.0
0,622199,2855,1345174,0,81370408,0,1584625945,942.0,3991924.0,1344796.0,81.5350272199571,660.2609457092818,587.0
0,622200,2545,1267448,0,79752133,10,1584626620,675.0,3991941.0,1267023.0,79.91313799477497,387.44047151277016,389.0
0,622201,3012,1312917,0,78239356,18,1584627367,747.0,3996986.0,1312457.0,78.29835380959553,680.042828685259,489.0
0,622202,2410,1207464,0,63070912,12,1584627893,526.0,3991496.0,1207082.0,63.20528643896925,1088.2763485477178,406.5
0,622203,3046,1315648,0,80717973,2,1584628906,1013.0,3991984.0,1315261.0,80.88005663349352,611.1401838476689,583.0
0,622204,3008,1319595,0,82253083,10,1584629966,1060.0,3991949.0,1319213.0,82.41897178546118,645.8371010638298,578.5
0,622205,3041,1279204,0,95997609,0,1584632078,2112.0,3991991.0,1278779.0,96.19020583964243,1126.0029595527787,1140.0
0,622206,3158,1322435,0,81086025,4,1584632627,549.0,3991845.0,1322010.0,81.25167685619057,1214.0550981633944,1000.0
0,622207,2789,1279126,0,77409248,21,1584633084,457.0,3991812.0,1278747.0,77.56802975691241,1240.801003944066,644.0
0,622208,3043,1171381,0,49356929,12,1584633116,32.0,3991921.0,1171003.0,49.456819411005384,2828.377584620444,2197.0
0,622209,2132,1226821,0,79818856,16,1584633903,787.0,3991911.0,1226430.0,79.98059676180155,492.8484990619137,363.0
0,622210,2597,1200487,0,57345967,10,1584634139,236.0,3991895.0,1200092.0,57.46240018838171,2666.420485175202,705.0
0,622211,3071,1246155,0,71585044,18,1584634896,757.0,3991916.0,1245764.0,71.7300103509192,1482.1318788668186,502.0
0,622212,2838,1297066,0,80866573,17,1584635684,788.0,3988305.0,1295343.0,81.00415690374733,557.1588422167314,419.0
0,622213,3137,1131475,0,41897586,1,1584635727,43.0,3927899.0,1111787.0,41.455566958315366,6359.7566601689405,7084.5
0,622214,3065,1284115,0,98397410,4,1584637750,2023.0,3996804.0,1283655.0,98.47609239782587,1046.2202283849915,1060.0
0,622215,2247,1417670,0,88379169,4,1584638709,959.0,3987401.0,1416134.0,88.27865067997926,856.4714795008913,677.0
0,622216,3218,1306427,0,124299219,17,1584644293,5584.0,3991964.0,1306049.0,124.54943882259458,2771.0717837165944,2670.0
0,622217,3067,1293325,0,91608382,10,1584644717,424.0,3991821.0,1292880.0,91.79608203874874,2591.9885881969353,2467.0
0,622218,2917,1324155,0,89571161,2,1584645489,772.0,3991854.0,1323777.0,89.7539449088068,2478.3805279396647,1324.0
0,622219,2789,1345657,0,99567914,0,1584647360,1871.0,3991929.0,1345212.0,99.7692233504153,1162.7612047328792,1023.0
0,622220,2327,1382985,0,93415084,16,1584648384,1024.0,3991900.0,1382596.0,93.60463338259977,1517.5913192952298,740.0
0,622221,2530,1316468,0,95631099,1,1584649397,1013.0,3991926.0,1316043.0,95.82452079522517,1654.903162055336,724.0
0,622222,3003,1342502,0,101311597,12,1584651978,2581.0,3996973.0,1342042.0,101.38832261313749,1607.1628371628371,1423.0
0,622223,3048,1362128,0,86345764,12,1584652460,482.0,3990993.0,1361481.0,86.52196784108618,2466.128651132261,1582.0
0,622224,2880,1318801,0,95444596,0,1584653918,1458.0,3991955.0,1318502.0,95.63694580725485,1670.7347222222222,847.5
0,622225,2531,1346709,0,78302340,21,1584653973,55.0,3991926.0,1346337.0,78.46071294908774,7203.601343342552,6201.0
0,622226,2678,1181029,0,83242484,0,1584654320,347.0,3991603.0,1180684.0,83.41759839342741,4891.810306198656,3953.0
0,622227,2470,1305123,0,90741800,12,1584655380,1060.0,3996851.0,1304663.0,90.81329276472904,1589.6574898785425,641.5
0,622228,3157,1344834,0,99733259,0,1584657695,2315.0,3991992.0,1344456.0,99.9333255176864,1384.0924928729808,1265.0
0,622229,3289,1241439,0,81101540,4,1584657849,154.0,3990624.0,1240584.0,81.2652477407042,6600.4329175540015,2705.0
0,622230,2992,1325828,0,86653974,16,1584658709,860.0,3991561.0,1325449.0,86.83717873784218,4780.532085561497,708.0
0,622231,2222,1343145,0,76599167,21,1584658739,30.0,3996797.0,1342685.0,76.66055293776492,12806.16696669667,13677.5
0,622232,3119,1350437,0,96316954,10,1584660949,2210.0,3964579.0,1350121.0,97.17748492336766,1294.3392112856684,1252.0
0,622233,2922,1383277,0,87937729,12,1584661940,991.0,3991709.0,1382852.0,88.12038051872018,4999.15742642026,904.0
0,622234,2780,1346497,0,98529229,4,1584664589,2649.0,3991638.0,1346097.0,98.7356358467376,2911.670143884892,1557.0
0,622235,2303,1262159,0,82452657,19,1584664752,163.0,3991915.0,1261714.0,82.61965197154748,5767.498914459401,1921.0
0,622236,3169,1206533,0,76158747,10,1584664850,98.0,3966710.0,1198760.0,76.21164844417666,16034.894887265798,17816.0
0,622237,2800,1304982,0,94037978,21,1584666512,1662.0,3990784.0,1304209.0,94.23723358618255,1219.1814933904966,938.0
0,622238,2900,1158610,0,74458054,10,1584666651,139.0,3996975.0,1158150.0,74.51440551917388,14263.977931034482,13304.0
0,622239,3273,1224669,0,74718225,4,1584666965,314.0,3991698.0,1224288.0,74.87362520912153,15200.063244729607,16907.0
0,622240,2983,1332360,0,88010469,12,1584668265,1300.0,3991858.0,1331935.0,88.18997970368687,7898.935300033523,1010.0
0,622241,2389,1242237,0,94626941,0,1584670378,2113.0,3988313.0,1240883.0,94.80538563548046,1133.3845831587766,1032.0
0,622242,2186,1237406,0,81296214,0,1584670852,474.0,3996706.0,1236946.0,81.36321660887741,5817.970265324794,1201.5
0,622243,1456,1237830,0,76684763,4,1584671632,780.0,3991990.0,1237486.0,76.83863236130352,6421.247252747254,548.0
0,622244,3154,1303863,0,103956826,19,1584675916,4284.0,3991652.0,1303418.0,104.17423763394206,2328.381420418516,2205.0
0,622245,2589,1307232,0,81365270,4,1584676266,350.0,3991992.0,1306854.0,81.52849003705418,2327.231749710313,1960.0
0,622246,2956,1203101,0,70610269,18,1584676368,102.0,3978179.0,1199399.0,70.59538447113617,23518.026092849883,29861.0
0,622247,3231,1132460,0,72592125,0,1584676700,332.0,3991807.0,1132015.0,72.74111699288066,18890.428040854225,20468.0
0,622248,1897,1276351,0,88696335,12,1584677813,1113.0,3991564.0,1276051.0,88.88379091503981,2597.501317870321,715.0
0,622249,3072,1168241,0,71334482,4,1584678460,647.0,3991622.0,1167860.0,71.48420566877323,15645.260091145836,8739.5
0,622250,3047,1160868,0,68116015,10,1584678856,396.0,3983713.0,1157866.0,68.20424162081957,18707.59677419355,15648.5
0,622251,2496,1236921,0,66554245,23,1584679301,445.0,3991717.0,1236538.0,66.69234817999372,19873.06370192308,16460.5
0,622252,3161,1178546,0,59302705,21,1584679676,375.0,3996625.0,1178086.0,59.352783911425256,22077.583676051883,23076.0
0,622253,2910,1241914,0,59295357,0,1584680139,463.0,3991599.0,1241532.0,59.42015417881405,22841.56391752577,28666.5
0,622254,2641,1300754,0,88717705,19,1584682147,2008.0,3991966.0,1300309.0,88.89625312440037,1215.570617190458,1107.0
0,622255,2703,1346822,0,58166818,0,1584682723,576.0,3996745.0,1346362.0,58.21418979694727,20358.303366629672,12557.0
0,622256,2292,1330350,0,78727231,21,1584685782,3059.0,3178483.0,1125268.0,99.07522676698288,1925.8799126637555,1307.5
0,622257,2391,1303614,0,82851871,10,1584688191,2409.0,3991836.0,1303236.0,83.02131750903594,2061.2132998745296,1308.0
0,622258,2657,1435009,0,84306176,0,1584688449,258.0,3991657.0,1434613.0,84.4823851347949,2558.660895747083,2617.0
0,622259,2731,1333683,0,77413415,3,1584688811,362.0,3991603.0,1333354.0,77.57626697845453,3056.8209447088975,2671.0
0,622260,2352,1314342,0,90097333,0,1584690260,1449.0,3996995.0,1313882.0,90.16506950846822,819.4481292517007,771.5
0,622261,2082,1268894,0,98342057,11,1584691856,1596.0,3991954.0,1268512.0,98.54027075462292,911.723823246878,853.0
0,622262,2107,1243912,0,82398849,10,1584692361,505.0,3991988.0,1243523.0,82.56422514296133,1211.0892263882295,453.0
0,622263,2490,1280524,0,87507718,4,1584693423,1062.0,3991829.0,1280195.0,87.68684029300856,1276.055421686747,622.0
0,622264,2655,1324202,0,71892780,12,1584693975,552.0,3997015.0,1323742.0,71.94647005327725,4440.524293785311,655.0
0,622265,2941,1179570,0,57319182,1,1584694321,346.0,3991978.0,1179202.0,57.43436662226095,11799.271676300576,3645.0
0,622266,2921,1223725,0,53818617,21,1584694676,355.0,3991710.0,1223280.0,53.93038772856746,15479.730914070526,2839.0
0,622267,2752,1200341,0,61567486,1,1584695193,517.0,3991545.0,1199916.0,61.6978999359897,7220.573037790698,415.0
0,622268,2722,1104831,0,42006286,0,1584695259,66.0,3861753.0,1066248.0,40.050545956719645,20164.84076433121,8198.0
0,622269,2563,1068032,0,35722835,4,1584695286,27.0,3991761.0,1067634.0,35.79656697883465,28209.22200546235,11491.0
0,622270,2775,1248909,0,67692345,4,1584695970,684.0,3991746.0,1248516.0,67.83231698610082,6069.723603603604,476.0
0,622271,2326,1156908,0,46784101,0,1584696241,271.0,3991837.0,1156519.0,46.879770892448775,18671.15219260533,8498.0
0,622272,2689,1335688,0,102025693,0,1584697605,1364.0,3996969.0,1335228.0,102.10306159492356,782.3756043138713,719.0
0,622273,2456,1373496,0,83796867,18,1584698316,711.0,3988467.0,1372023.0,83.97448543513084,1775.249184339315,525.0
0,622274,2666,1114152,0,34405297,10,1584698346,30.0,3971953.0,1107853.0,34.24208292494901,12139.529411764706,1981.0
0,622275,1997,1180517,0,51189978,17,1584698476,130.0,3991965.0,1180128.0,51.293012839541426,16965.91337005508,3626.0
0,622276,2479,1346350,0,50859264,0,1584698659,183.0,3996741.0,1345890.0,50.90073537414609,22461.897135941916,9563.0
0,622277,2743,1346674,0,74088251,17,1584699473,814.0,3991974.0,1346295.0,74.23720795776725,3001.907765220561,520.0
0,622278,2906,1363132,0,93943495,10,1584700846,1373.0,3991826.0,1362785.0,94.13586163324754,872.844803854095,665.0
0,622279,2472,1361173,0,93262652,18,1584701761,915.0,3996795.0,1360713.0,93.33743862269644,1173.1800161812298,584.0
0,622280,2647,1224491,0,50241855,18,1584701936,175.0,3991481.0,1224113.0,50.34908596583574,2497.321496033245,963.0
0,622281,2724,1341161,0,39575502,0,1584702075,139.0,3991776.0,1340787.0,39.65703686780019,22451.691629955953,8278.0
0,622282,2752,1192313,0,50250966,2,1584702539,464.0,3991993.0,1191868.0,50.35175763083753,15452.058502906975,1253.5
0,622283,2617,1088763,0,27999715,20,1584702471,-68.0,3977283.0,1080297.0,27.862009316410226,29062.522692307684,16133.5
0,622284,2376,1197374,0,59908640,23,1584703015,544.0,3991855.0,1196992.0,60.03087787507312,11760.777777777776,407.0
0,622285,2025,1228309,0,39068299,12,1584703245,230.0,3991703.0,1227884.0,39.149504860456794,26234.983703703707,4196.0
0,622286,2155,1176487,0,46509601,9,1584703644,399.0,3991580.0,1176098.0,46.607710230034215,13249.238515081206,308.0
0,622287,2611,1372974,0,96442934,10,1584705063,1419.0,3991933.0,1372549.0,96.63782834030529,726.8931443891229,735.0
0,622288,2751,1333329,0,68651223,21,1584705559,496.0,3996920.0,1332869.0,68.70412517638582,2095.5274445656123,488.0
0,622289,1857,1188698,0,44607303,2,1584705774,215.0,3997030.0,1188238.0,44.64044853303579,16150.03015616586,778.0
0,622290,1990,1236436,0,57575849,1,1584706094,320.0,3991976.0,1236068.0,57.691578306082,8296.502477386968,306.5
0,622291,2259,1099092,0,29267402,18,1584706281,187.0,3991667.0,1098713.0,29.3285005988726,20194.967242142546,1741.0
0,622292,3080,1313708,0,97418684,0,1584707881,1600.0,3991853.0,1313408.0,97.61750645627481,871.3295454545455,790.0
0,622293,2748,1299645,0,59818404,12,1584708200,319.0,3991847.0,1299266.0,59.94057788286976,1440.2849344978165,712.5
0,622294,2790,1273676,0,70705207,10,1584708994,794.0,3991943.0,1273298.0,70.84791240756694,1247.7168458781364,496.0
0,622295,2515,1108119,0,14845242,17,1584709008,14.0,3991214.0,1107425.0,14.868801322104002,17868.12012728719,3487.5
0,622296,2323,1196852,0,26361977,12,1584709197,189.0,3991935.0,1196523.0,26.415236721038795,17658.466637968144,2127.0
0,622297,2071,1191091,0,104763563,0,1584710365,1168.0,3991951.0,1190719.0,104.9747985383588,562.3037180106229,612.0
0,622298,2640,1362288,0,81526374,19,1584710788,423.0,3997025.0,1361828.0,81.58705437168896,631.2556818181819,432.5
0,622299,1669,1127745,0,69304180,4,1584711111,323.0,3991988.0,1127363.0,69.44327487958381,533.0161773517076,259.0
0,622300,1458,1071681,0,63217907,16,1584711283,172.0,3996947.0,1071221.0,63.26619492327519,744.6467764060358,467.0
0,622301,1334,1061429,0,46993625,0,1584711368,85.0,3990440.0,1061051.0,47.10620883912551,1585.900299850075,1282.0
0,622302,2898,1278119,0,103624459,0,1584713535,2167.0,3991966.0,1277746.0,103.83300759575607,1123.0841959972397,1081.5
0,622303,1976,1261123,0,89502330,0,1584714217,682.0,3991926.0,1260678.0,89.68335585379087,898.3168016194332,562.0
0,622304,2742,1281706,0,95154063,4,1584715657,1440.0,3991971.0,1281324.0,95.34544514476684,808.6017505470461,754.5
0,622305,2472,1332206,0,94123738,0,1584716446,789.0,3991995.0,1331838.0,94.31248085230568,879.8648867313916,565.0
0,622306,2582,1280272,0,84981811,0,1584716999,553.0,3997011.0,1279812.0,85.04536114611643,2142.138264910922,1899.0
0,622307,3146,1304523,0,103791736,0,1584719356,2357.0,3996971.0,1304063.0,103.87039185423158,1233.2088366179275,1175.5
0,622308,2732,1359237,0,84909051,4,1584719643,287.0,3991641.0,1358859.0,85.08686126833551,1242.2258418740848,1146.0
0,622309,3017,1269816,0,82998359,10,1584720133,490.0,3991651.0,1269391.0,83.17195967282711,2616.5512098110707,819.0
0,622310,3396,1227171,0,77000987,0,1584720411,278.0,3991176.0,1226478.0,77.15657239871156,3165.545213549337,2523.0
0,622311,2151,1288606,0,93587058,21,1584721281,870.0,3991857.0,1288161.0,93.7779664952928,530.0125523012554,495.0
0,622312,2612,1336387,0,88661643,4,1584722052,771.0,3991712.0,1335998.0,88.84573135536833,702.4471669218988,507.5
0,622313,3020,1259194,0,81515039,0,1584722707,655.0,3991745.0,1258811.0,81.68361355747925,2447.52880794702,558.0
0,622314,2907,1185161,0,72111590,0,1584723005,298.0,3990962.0,1184366.0,72.25734246530034,3396.5230557467307,1883.5
0,622315,3062,1201672,0,78924332,10,1584723586,581.0,3991583.0,1201247.0,79.09075872905562,2989.0662965382103,528.0
0,622316,2533,1447451,0,94194581,10,1584724849,1263.0,3996646.0,1446991.0,94.27362943828399,755.1160679036716,676.0
0,622317,2989,1248511,0,74967946,24,1584725269,420.0,3991790.0,1248128.0,75.12213418040528,2717.3529608564736,948.0
0,622318,3132,1361363,0,94524406,0,1584726990,1721.0,3991788.0,1360995.0,94.71886382743773,904.4048531289909,908.5
0,622319,2414,1196815,0,76412320,0,1584727342,352.0,3991653.0,1196442.0,76.57210684395662,2166.4320629660315,792.0
0,622320,3071,1155958,0,66213991,17,1584727644,302.0,3996981.0,1155498.0,66.26400375683548,4528.9772061217855,2434.0
0,622321,2873,1214269,0,65251801,10,1584727996,352.0,3996903.0,1213809.0,65.30236135327777,4848.840932822834,2458.0
0,622322,3136,1221920,0,70422143,0,1584728722,726.0,3997033.0,1221460.0,70.4744173991058,3982.0385841836733,649.5
0,622323,2502,1343331,0,81147613,0,1584729678,956.0,3996815.0,1342871.0,81.21227827657772,1255.4004796163072,542.0
0,622324,3196,1278548,0,75799834,12,1584730627,949.0,3991941.0,1278126.0,75.95286002473483,3149.7956821026282,703.0
0,622325,2968,1333086,0,81475153,0,1584731779,1152.0,3991921.0,1332661.0,81.64004548186199,1588.4592318059301,684.0
0,622326,2980,1302417,0,87281846,0,1584732770,991.0,3991957.0,1301992.0,87.4577015734388,2696.736241610738,654.0
0,622327,3310,1327899,0,113037941,0,1584737527,4757.0,3996989.0,1327439.0,113.1230944093166,2350.4489425981874,2262.5
0,622328,2716,1279920,0,98525678,0,1584739993,2466.0,3988438.0,1277941.0,98.72424041692513,2203.5132645541635,1472.0
0,622329,2530,1490256,0,87072787,0,1584740274,281.0,3991949.0,1489874.0,87.24839620947061,3464.2201581027666,3341.5
0,622330,1635,1715209,0,83396115,0,1584740293,19.0,3991924.0,1714831.0,83.56483239660875,3984.477064220184,4023.0
0,622331,2876,1443028,0,88001365,21,1584740751,458.0,3996507.0,1442568.0,88.07827935744888,2467.594228094576,1665.0
0,622332,1950,1376135,0,80084532,0,1584740808,57.0,3932795.0,1356062.0,79.78098324474071,4150.018440463647,4072.5
0,622333,2865,1190627,0,71938061,0,1584740859,51.0,3991786.0,1190182.0,72.08608978537427,4264.380104712042,3938.0
0,622334,2862,1247227,0,64688461,0,1584741099,240.0,3991629.0,1246854.0,64.82412168064718,5066.444095038435,4145.0
0,622335,2119,1303806,0,91318092,0,1584742212,1113.0,3991969.0,1303411.0,91.50180474848378,607.6007550731478,577.0
0,622336,2667,1186723,0,56415724,0,1584742519,307.0,3991628.0,1186340.0,56.53404976616057,5922.944506936633,1691.0
0,622337,2815,1296677,0,63186604,10,1584743128,609.0,3997015.0,1296217.0,63.23379221744226,7698.204262877442,620.0
0,622338,2971,1193523,0,56007416,0,1584743709,581.0,3991871.0,1193141.0,56.121468855080735,7649.563783237968,1875.0
0,622339,2757,1187224,0,56569964,12,1584744138,429.0,3991670.0,1186799.0,56.68801679497554,8620.640188610809,8445.0
0,622340,2683,1514069,0,93553763,16,1584746196,2058.0,3996808.0,1513609.0,93.62847852586364,1085.7282892284757,1101.0
0,622341,2596,1444895,0,76956264,12,1584747158,962.0,3991780.0,1444501.0,77.11473477997284,1214.4322033898304,738.0
0,622342,1973,1127985,0,42908042,0,1584747321,163.0,3991467.0,1127604.0,42.99977126204475,22520.1104916371,34646.0
0,622343,2108,1488699,0,90462949,0,1584748947,1626.0,3989665.0,1487494.0,90.64143179941172,920.7885985748219,825.0
0,622344,2325,1220455,0,51984078,1,1584749305,358.0,3991986.0,1220076.0,52.08843718389793,10307.152258064516,1856.0
0,622345,2116,1478332,0,97560493,0,1584751396,2091.0,3996681.0,1477872.0,97.64151104378858,1149.0425330812855,1074.5
0,622346,2848,1315053,0,76128789,0,1584752391,995.0,3991951.0,1314628.0,76.28228803409661,1525.804073033708,904.5
0,622347,2922,1085868,0,34263396,5,1584752435,44.0,3986074.0,1083034.0,34.30409570921162,15861.381687242798,8625.0
0,622348,2955,1307537,0,43698932,0,1584752795,360.0,3991991.0,1307159.0,43.786603727313015,15180.509306260576,11411.0
0,622349,2667,1344513,0,33551390,0,1584752893,98.0,3991602.0,1344132.0,33.621979345636156,22685.164979377583,27606.0
0,622350,2357,1112838,0,38024302,12,1584753325,432.0,3991901.0,1112456.0,38.101447906648986,16600.4009333899,5590.0
0,622351,1230,1157144,0,24113353,16,1584753469,144.0,3172939.0,950725.0,30.398760266112898,18919.364006514657,13973.5
0,622352,2076,1244410,0,76124472,0,1584754765,1296.0,3991934.0,1244042.0,76.27828716607037,956.2143545279384,751.0
0,622353,1847,1163419,0,32928065,1,1584755057,292.0,3991586.0,1163051.0,32.99747518906019,20108.481321061183,14707.0
0,622354,2206,1262102,0,85222786,3,1584756774,1717.0,3991793.0,1261730.0,85.39800134926836,822.6967361740708,760.0
0,622355,2086,1210337,0,48363601,19,1584757302,528.0,3986900.0,1207319.0,48.41783541097092,9162.096402877698,611.0
0,622356,2136,1275635,0,27756366,21,1584757641,339.0,3991771.0,1275190.0,27.81358549876734,23611.619850187264,4066.5
0,622357,1653,1133282,0,23023918,0,1584757907,266.0,3991798.0,1132837.0,23.071225547986145,51406.24742891712,28474.0
0,622358,1657,1101127,0,26959575,17,1584758324,417.0,3991989.0,1100748.0,27.013676640892548,50064.85033192517,3298.0
0,622359,2186,1165118,0,24407664,18,1584758674,350.0,3988838.0,1163618.0,24.410400221818986,34865.548786074214,2776.0
0,622360,611,1072872,0,16445910,2,1584759015,341.0,3991877.0,1072427.0,16.47937549177993,6458.908346972176,262.0
0,622361,1550,1094438,0,12375904,21,1584759023,8.0,3991933.0,1093993.0,12.400913542386608,51220.71095483872,42242.0
0,622362,3536,1307315,0,29544998,16,1584759639,616.0,3991677.0,1306926.0,29.606601936980372,41968.98246606335,19260.0
0,622363,1666,1191552,0,4808882,0,1584759655,16.0,3991570.0,1191127.0,4.819038122843894,69925.2575030012,62243.5
0,622364,1765,1308064,0,33337357,0,1584760284,629.0,3991808.0,1307675.0,33.40577202109921,19408.505949008497,473.0
0,622365,1387,1372795,0,31366766,12,1584760953,669.0,3991902.0,1372413.0,31.43039683839934,2196.419610670512,360.0
0,622366,2317,1357850,0,40107373,19,1584762132,1179.0,3991886.0,1357469.0,40.18889617589279,6259.382391022875,685.0
0,622367,786,1413841,0,14155736,21,1584762341,209.0,3997020.0,1413381.0,14.166289885965044,18036.60941475827,184.0
0,622368,1839,1359975,0,38365795,20,1584763225,884.0,3991594.0,1359550.0,38.44659050995667,4486.234910277325,527.0
0,622369,808,1598964,0,26099795,4,1584763488,263.0,3991699.0,1598539.0,26.1540712363332,15620.217821782178,203.5
0,622370,1493,1398070,0,8094547,1,1584763678,190.0,3991877.0,1397702.0,8.111018450718797,65105.008707300745,56260.0
0,622371,2500,1298892,0,46632021,20,1584764958,1280.0,3991618.0,1298524.0,46.72994359680711,1935.3148,670.0
0,622372,2680,1332498,0,42430504,0,1584766285,1327.0,3996710.0,1332038.0,42.46543181767003,5233.026492537313,750.0
0,622373,2244,1254271,0,37511397,19,1584767378,1093.0,3996627.0,1253811.0,37.543055181281616,6437.112745098039,643.0
0,622374,1795,1154641,0,19633778,10,1584767869,491.0,3991836.0,1154259.0,19.673932496224797,31141.864623955433,441.0
0,622375,1082,1268208,0,15857508,10,1584768303,434.0,3991907.0,1267835.0,15.889656748015422,15182.706099815156,290.0
0,622376,2830,1267734,0,52661000,0,1584770053,1750.0,3996839.0,1267274.0,52.702648267793634,911.3144876325086,898.0
0,622377,1501,1383120,0,22985990,4,1584770468,415.0,3991889.0,1382738.0,23.032694546366397,6683.817455029979,315.0
0,622378,1166,541510,0,16738652,3,1584770759,291.0,1669548.0,541050.0,40.103433983329616,33234.68439108062,239.0
0,622379,1743,842335,0,26408876,0,1584771556,797.0,2725529.0,841991.0,38.75779857781737,601.7882960413082,415.0
0,622380,444,206235,0,6314212,0,1584771721,165.0,670879.0,205942.0,37.6473969225449,83.45945945945945,85.0
0,622381,191,79165,0,2598293,21,1584771806,85.0,232113.0,78786.0,44.77634600388604,51.82198952879581,57.0
0,622382,2217,1109824,0,37549828,0,1584772786,980.0,3601620.0,1109430.0,41.703264642022205,509.15561569688765,513.0
0,622383,667,300597,0,9839981,0,1584773033,247.0,939005.0,300152.0,41.91662877194477,133.66416791604198,133.0
0,622384,1440,603832,0,19850378,0,1584773640,607.0,1909017.0,603372.0,41.592878429055375,336.87083333333334,346.0
0,622385,1127,565465,0,17040450,0,1584774082,442.0,1700352.0,565083.0,40.08687612917796,230.62466725820764,225.0
0,622386,60,19650,0,676034,4,1584774102,20.0,63000.0,19209.0,42.92279365079365,23.216666666666665,15.0
0,622387,91,40428,0,1205030,0,1584774138,36.0,108579.0,39285.0,41.37330423009974,23.322222222222226,25.5
0,622388,502,227711,0,8284238,10,1584774312,174.0,711645.0,227289.0,46.56387946237239,87.03585657370517,82.5
0,622389,1500,840522,0,21191711,4,1584774892,580.0,2566035.0,840150.0,33.03417295555205,298.51866666666666,302.5
0,622390,522,413314,0,9092354,22,1584775081,189.0,1059109.0,379375.0,29.843730909660856,108.93666026871401,114.0
0,622391,2803,1370675,0,66518239,4,1584777000,1919.0,3991895.0,1370375.0,66.653295239479,990.9218694256157,1004.0
0,622392,2616,1218077,0,20770845,1,1584777449,449.0,3991573.0,1217686.0,20.814696361559715,938.6020642201836,713.5
0,622393,2128,1310740,0,65979844,0,1584778603,1154.0,3966899.0,1304093.0,66.45228930708848,634.8365520489873,692.0
0,622394,2404,1208804,0,31535568,21,1584779183,580.0,3991606.0,1208359.0,31.60188455473812,668.4983361064892,483.0
0,622395,3066,1324820,0,107972747,12,1584785257,6074.0,3991724.0,1324442.0,108.19660577735334,2749.431506849315,2502.0
0,622396,2373,1482805,0,88207483,0,1584786167,910.0,3991618.0,1482412.0,88.392709923645,2516.4129793510324,1929.0
0,622397,2790,1376668,0,81536438,4,1584786767,600.0,3991995.0,1376274.0,81.69994000493487,2817.572759856631,2245.0
0,622398,2489,1314251,0,68765325,21,1584787134,367.0,3991779.0,1313877.0,68.90694600076807,3373.9766974688628,3020.0
0,622399,2441,1262867,0,57630487,1,1584787788,654.0,3966345.0,1249890.0,57.662650122467916,2415.79376793768,921.0
0,622400,2281,1245998,0,38457596,0,1584788259,471.0,3991920.0,1245573.0,38.535437583919524,2677.0640070144673,799.0
0,622401,2679,1199222,0,26948163,21,1584788667,408.0,3996922.0,1198762.0,26.968915580539228,2562.0873460246357,1952.0
0,622402,3085,1224797,0,38724226,18,1584789450,783.0,3991470.0,1224408.0,38.80698188887804,1965.0097244732574,673.0
0,622403,2868,1344189,0,79704838,10,1584791471,2021.0,3991979.0,1343816.0,79.86498726571456,1105.31589958159,1073.0
0,622404,2371,1235087,0,69990217,4,1584792590,1119.0,3991585.0,1234705.0,70.13776933223268,910.3357233234923,690.0
0,622405,2919,1366784,0,42403096,12,1584793397,807.0,3991941.0,1366389.0,42.48870010854369,1386.2874272010965,728.0
0,622406,2701,1100103,0,16542886,0,1584793660,263.0,3991781.0,1099820.0,16.576947482840367,4808.181044057757,3131.0
0,622407,2542,1121537,0,22348263,23,1584794048,388.0,3991916.0,1121156.0,22.39352030453547,3794.559402045633,995.5
0,622408,1419,1076386,0,4023005,4,1584794057,9.0,3996885.0,1075926.0,4.02614035680286,7329.932346723044,5643.0
0,622409,1575,1369910,0,13076035,0,1584794305,248.0,3991738.0,1369528.0,13.103099451917934,4015.7307936507937,433.0
0,622410,2799,1280901,0,56384814,0,1584795507,1202.0,3991778.0,1280618.0,56.50095170623216,650.5309038942479,667.0
0,622411,1927,1138596,0,45491988,2,1584795864,357.0,3991988.0,1138214.0,45.58329133253908,2469.042553191489,315.0
0,622412,1207,1069531,0,74419735,0,1584796374,510.0,3996852.0,1069071.0,74.47834946102583,296.5020712510356,286.0
0,622413,1604,1140371,0,64498039,12,1584797007,633.0,3991965.0,1140072.0,64.62786021420528,506.2724438902743,483.5
0,622414,1695,1139533,0,44160225,6,1584797583,576.0,3991920.0,1139151.0,44.24960921060542,639.6507374631268,450.0
0,622415,1699,1133403,0,31795585,0,1584798053,470.0,3996605.0,1132943.0,31.82259442701993,757.0164802825192,390.0
0,622416,2135,1165485,0,39062199,19,1584798745,692.0,3991770.0,1165107.0,39.14273517762797,778.1124121779858,525.0
0,622417,2808,1519444,0,100979114,20,1584801863,3118.0,3991976.0,1519076.0,101.18208526303765,1569.7806267806268,1547.0
0,622418,2095,1384070,0,76609079,0,1584801956,93.0,3991979.0,1383689.0,76.76300802183579,1642.3837708830551,1758.0
0,622419,2544,1337937,0,41975858,20,1584802152,196.0,3991655.0,1337564.0,42.06361321306576,1546.683176100629,1396.0
0,622420,1910,1265942,0,38361177,4,1584802497,345.0,3992911.0,1264369.0,38.37444010146983,1576.9470094438614,328.0
0,622421,2250,1183371,0,41925897,17,1584803121,624.0,3991887.0,1182984.0,42.01110602579682,1577.4382222222225,468.0
0,622422,3174,1331896,0,78639690,0,1584804779,1658.0,3991909.0,1331503.0,78.79908084077067,874.4807813484563,887.0
0,622423,2580,1132635,0,11361953,2,1584804834,55.0,3997031.0,1132175.0,11.370392673962247,3482.139534883721,2502.0
0,622424,2535,1164763,0,35974569,20,1584805275,441.0,3991808.0,1164395.0,36.048396115244024,1913.465877712032,396.0
0,622425,2425,1273670,0,52358378,0,1584806177,902.0,3991944.0,1273227.0,52.464040577723544,1037.3892783505155,552.0
0,622426,2589,1289359,0,90328329,10,1584808257,2080.0,3991944.0,1288986.0,90.5106173834102,1064.2638084202395,1057.0
0,622427,2417,1422135,0,47127363,19,1584808340,83.0,3996812.0,1421675.0,47.16495346791393,1160.1981795614395,1155.0
0,622428,1835,1075885,0,19738652,20,1584808509,169.0,3991948.0,1075585.0,19.778466052163004,2876.9297002724797,892.0
0,622429,1966,1083051,0,9218800,4,1584808565,56.0,3991744.0,1082626.0,9.237866957400074,3848.504069175992,2507.5
0,622430,1493,1426908,0,10822966,4,1584808654,89.0,3991909.0,1426483.0,10.844902526585653,6387.53985264568,3285.0
0,622431,3043,1291847,0,90168475,12,1584810989,2335.0,3996739.0,1291387.0,90.24204482704523,1154.0864278672366,1144.0
0,622432,2685,1314259,0,59918093,12,1584811422,433.0,3997029.0,1313799.0,59.962630243613454,1141.3832402234634,1007.0
0,622433,2706,1197445,0,26895471,21,1584811764,342.0,3991941.0,1197099.0,26.949768045169005,1149.7243163340727,673.0
0,622434,3223,1244918,0,111665434,21,1584817330,5566.0,3991786.0,1244527.0,111.89521081540943,2785.477815699658,2757.0
0,622435,2708,1322600,0,81428184,0,1584817386,56.0,3997006.0,1322140.0,81.48917865021969,2824.045051698671,2786.5
0,622436,2683,1404764,0,69468232,0,1584817602,216.0,3991949.0,1404383.0,69.60833617864357,2806.996272828923,2848.0
0,622437,2844,1306280,0,58251667,10,1584818003,401.0,3991753.0,1305898.0,58.37201550296324,2158.6708860759495,1233.0
0,622438,2730,1210062,0,46641861,0,1584818563,560.0,3991934.0,1209617.0,46.736104354430715,2078.1311355311354,1012.5
0,622439,1453,1521327,0,32245215,19,1584818961,398.0,3991982.0,1520954.0,32.30998035562285,1693.4494150034411,402.0
0,622440,2189,1213129,0,16141403,0,1584819063,102.0,3991641.0,1212684.0,16.17520513493072,3067.804476930105,2953.0
0,622441,2680,1206645,0,30560480,0,1584819531,468.0,3991926.0,1206264.0,30.6222910945744,2284.038805970149,712.0
0,622442,2201,1164776,0,3554614,12,1584819551,20.0,3991866.0,1164387.0,3.5618570362832815,7123.27805542935,7459.0
0,622443,1094,1491971,0,14948680,0,1584819802,251.0,3991888.0,1491592.0,14.979057528668141,2724.409506398537,184.0
0,622444,1243,1539968,0,5806150,21,1584819966,164.0,3991630.0,1539544.0,5.818324844737613,18473.841512469833,12963.0
0,622445,2437,1337698,0,69232700,1,1584821192,1226.0,3991765.0,1337320.0,69.37552686593524,658.0463684858432,642.0
0,622446,2452,1268563,0,54654644,16,1584822266,1074.0,3991608.0,1268118.0,54.769550516984644,679.5481239804243,654.0
0,622447,2347,1125983,0,23773103,12,1584822763,497.0,3991791.0,1125558.0,23.821991682430266,834.4209629314018,434.0
0,622448,2012,1109811,0,15761684,0,1584823072,309.0,3663049.0,1109443.0,17.211545900696386,4095.1356858846916,807.0
0,622449,2129,980599,0,33598165,18,1584823796,724.0,2945964.0,980208.0,45.61924721415469,376.64725223109434,384.0
0,622450,675,559304,0,10484813,12,1584823992,196.0,1487313.0,558915.0,28.198000017481192,100.34814814814816,97.0
0,622451,1125,686547,0,15901136,2,1584824372,380.0,1972427.0,686102.0,32.246843102431676,214.90844444444446,226.0
0,622452,230,114071,0,4454392,0,1584824431,59.0,339642.0,113727.0,52.459848899723816,35.165217391304346,27.0
0,622453,2361,1358598,0,41169899,23,1584825181,750.0,3932056.0,1358215.0,41.88129467128647,392.9267259635748,388.0
0,622454,1997,780999,0,26961715,17,1584825880,699.0,2428268.0,780608.0,44.41307961065253,362.2248372558838,371.0
0,622455,2709,1151525,0,39741186,12,1584826827,947.0,3635241.0,1151082.0,43.72880477525424,495.4784053156146,507.0
0,622456,374,150677,0,4871801,0,1584826935,108.0,443966.0,149972.0,43.89118085619168,49.828418230563,48.0
0,622457,128,49714,0,1699526,0,1584826973,38.0,152028.0,49338.0,44.716131238982285,22.0859375,23.0
0,622458,2108,1334123,0,32921138,4,1584827742,769.0,3685721.0,1333742.0,35.72830173526428,395.26091081593927,398.0
0,622459,2453,1269272,0,51501040,1,1584828687,945.0,3991901.0,1268894.0,51.60552829341209,496.72034243783116,519.0
0,622460,310,142950,0,5100231,21,1584828795,108.0,433199.0,142490.0,47.09365441748481,139.40645161290323,62.0
0,622461,2731,1307616,0,61609220,18,1584830600,1805.0,3991607.0,1307237.0,61.738763360220574,949.663127059685,963.0
0,622462,2957,1265174,0,43613205,0,1584831808,1208.0,3991805.0,1264802.0,43.7027409906045,1015.6739939127493,861.0
0,622463,2941,1302676,0,28526367,0,1584832719,911.0,3989872.0,1301740.0,28.562977458926,1232.1030612244895,724.5
0,622464,2030,793729,0,24300975,4,1584833542,823.0,2401186.0,793057.0,40.481198874223,502.7880729423361,435.0
0,622465,963,434087,0,11980232,12,1584833995,453.0,1220455.0,433627.0,39.26480533899242,242.34579439252337,250.0
0,622466,149,75519,0,2377529,4,1584834040,45.0,186125.0,75149.0,51.09531766286098,19.75838926174497,21.0
0,622467,2503,1077409,0,39305904,16,1584835230,1190.0,3282564.0,1076964.0,47.89658815486918,621.3260087894528,627.0
0,622468,411,243748,0,11044299,0,1584835377,147.0,800070.0,242610.0,54.99518292149437,73.51463414634146,73.0
0,622469,399,155235,0,5090547,0,1584835544,167.0,492974.0,154856.0,41.30479092203645,85.71929824561404,86.0
0,622470,808,399565,0,9325485,0,1584835901,357.0,1157941.0,399232.0,32.21402472146681,172.00247524752476,163.0
0,622471,785,303798,0,9356398,21,1584836240,339.0,969808.0,303373.0,38.590723112203655,160.65987261146498,150.0
0,622472,648,548781,0,14314335,12,1584836541,301.0,1381292.0,548198.0,41.451284739215176,151.032457496136,153.0
0,622473,1457,762428,0,23839905,0,1584837237,696.0,2062397.0,762083.0,46.23727633428482,362.72614962251197,358.0
0,622474,1534,895041,0,20408649,0,1584837932,695.0,2508205.0,894652.0,32.547019083368376,362.2959582790091,374.0
0,622475,2726,1376425,0,38108554,0,1584839367,1435.0,3991976.0,1376036.0,38.18515341775603,738.3675715333823,739.0
0,622476,83,163968,0,571386,12,1584839391,24.0,327438.0,163671.0,6.980081725395343,310.27710843373495,19.0
0,622477,3076,1293869,0,45225783,10,1584840824,1433.0,3908364.0,1293570.0,46.28615246686336,736.2669050715215,757.0
0,622478,2545,1297250,0,43474423,0,1584842218,1394.0,3991952.0,1296872.0,43.56206988460783,731.4781925343813,754.0
0,622479,707,323594,0,8613467,17,1584842408,190.0,920673.0,323205.0,37.42248116323602,354.71852899575674,126.0
0,622480,1399,777665,0,25757559,0,1584843072,664.0,2278183.0,777220.0,45.22474094486703,384.68834882058616,406.0
0,622481,454,387545,0,22177633,6,1584843243,171.0,1423442.0,387245.0,62.32114269496053,93.26431718061674,95.0
0,622482,861,425995,0,18770591,16,1584843618,375.0,1400478.0,425649.0,53.61195534667449,190.451800232288,194.0
0,622483,1271,1356045,0,56314031,0,1584844634,1016.0,3172586.0,1149548.0,71.0007936743086,552.1063829787233,567.0
0,622484,2275,1265893,0,44641745,0,1584845881,1247.0,3991814.0,1265525.0,44.73329168142604,832.3301098901097,781.0
0,622485,977,413505,0,1653455,16,1584845924,43.0,1294530.0,413127.0,5.1090511614253815,1166.8167860798362,1069.0
0,622486,169,86758,0,3286203,10,1584845978,54.0,279849.0,86382.0,46.971087979588994,30.402366863905325,31.0
0,622487,489,233075,0,6699947,0,1584846136,158.0,723188.0,232697.0,37.05784388015288,88.07566462167688,93.0
0,622488,482,259117,0,9524273,0,1584846333,197.0,883466.0,257759.0,43.084193392841385,85.70563674321505,81.0
0,622489,542,373877,0,7714065,1,1584846596,263.0,1243034.0,372275.0,24.811845854578394,134.0483271375465,138.5
0,622490,356,269013,0,7184178,7,1584846763,167.0,901235.0,268553.0,31.8859254245563,95.25842696629213,102.0
0,622491,1571,883262,0,23683538,0,1584847608,845.0,2720537.0,882890.0,34.82185759649657,466.41565881604066,480.0
0,622492,2785,1259981,0,79397986,0,1584851207,3599.0,3997003.0,1259521.0,79.45751954652023,1840.0965888689407,1842.0
0,622493,2168,1360095,0,39798815,0,1584852226,1019.0,3991753.0,1359700.0,39.881039733670896,1721.6572878228785,992.0
0,622494,2971,1268707,0,11176116,19,1584852532,306.0,3996870.0,1268247.0,11.184868159334679,2495.557724671828,2761.0
0,622495,2380,1094314,0,29621312,4,1584853660,1128.0,3313426.0,1093936.0,35.75913510668414,751.7991596638657,699.0
0,622496,518,235275,0,5605943,21,1584853911,251.0,664324.0,234850.0,33.75427050656005,127.50965250965253,122.0
0,622497,1189,533119,0,17198000,18,1584854483,572.0,1584325.0,532741.0,43.420384075237095,291.0050462573592,287.0
0,622498,1501,736159,0,18715522,12,1584855298,815.0,2282981.0,735770.0,32.791375837118224,415.852764823451,408.0
0,622499,988,547520,0,13676043,0,1584855780,482.0,1813846.0,547060.0,30.15921528067984,257.5374493927126,249.0
0,622500,824,408211,0,11908354,0,1584856170,390.0,1316884.0,407830.0,36.171307419636044,201.09587378640774,202.5
