"x","y"
"1231568277000","0"
"1231980679000","0"
"1232357462000","0"
"1232771110000","0"
"1233046715000","0"
"1233418917000","0"
"1233753984000","0"
"1234089997000","0"
"1234426529000","0"
"1234761535000","0"
"1235116259000","0"
"1235492527000","0"
"1235891808000","0"
"1236295597000","0"
"1236687021000","0"
"1237066758000","0"
"1237427295000","0"
"1237829680000","0"
"1238215662000","0"
"1238601437000","0"
"1238981341000","0"
"1239399507000","0"
"1239759965000","0"
"1240123131000","0"
"1240507071000","0"
"1240897355000","0"
"1241238697000","0"
"1241596868000","0"
"1242023457000","0"
"1242362405000","0"
"1242721893000","0"
"1243272881000","0"
"1243676325000","0"
"1244169973000","0"
"1244863732000","0"
"1245410704000","0"
"1245982565000","0"
"1246555832000","0"
"1247090533000","0"
"1247691433000","0"
"1248437126000","0"
"1249532495000","0"
"1250087132000","0"
"1251473686000","0"
"1252058474000","0"
"1252709942000","0"
"1253334446000","0"
"1253969582000","0"
"1254509551000","0"
"1255241423000","0"
"1255913928000","0"
"1256398268000","0"
"1257190248000","0"
"1257859891000","0"
"1258384958000","0"
"1258897330000","0"
"1259380971000","0"
"1260010861000","0"
"1260440629000","0"
"1260828619000","0"
"1261130164000","0"
"1261337290000","0"
"1261595414000","0"
"1261866483000","0"
"1262142817000","0"
"1262505896000","0"
"1262723436000","0"
"1262996937000","0"
"1263257651000","0"
"1263537427000","0"
"1263863139000","0"
"1264147211000","0"
"1264418198000","0"
"1264653290000","0"
"1264878775000","0"
"1265126907000","0"
"1265309617000","0"
"1265517266000","0"
"1265714748000","0"
"1265960295000","0"
"1266165823000","0"
"1266390093000","0"
"1266599719000","0"
"1266796158000","0"
"1266966106000","0"
"1267224955000","0"
"1267474643000","0"
"1267722972000","0"
"1267969117000","0"
"1268256699000","0"
"1268571593000","0"
"1268893976000","0"
"1269156798000","0"
"1269384603000","0"
"1269617684000","0"
"1269851682000","0"
"1270087103000","0"
"1270351521000","0"
"1270615800000","0"
"1270844373000","0"
"1271023953000","0"
"1271250872000","0"
"1271464816000","0"
"1271655422000","0"
"1271852140000","0"
"1272119905000","0"
"1272372526000","0"
"1272641307000","0"
"1272905327000","0"
"1273214524000","0"
"1273530114000","0"
"1273881675000","0"
"1274224427000","0"
"1274469199000","0"
"1274692364000","0"
"1274900168000","0"
"1275113789000","0"
"1275402422000","0"
"1275710201000","0"
"1275999557000","0"
"1276269777000","0"
"1276552336000","0"
"1276823934000","0"
"1277094725000","0"
"1277361931000","0"
"1277642923000","0"
"1277902927000","0"
"1278131678000","0"
"1278370047000","0"
"1278643737000","0"
"1278872377000","0"
"1278966632000","0"
"1279029032000","0"
"1279108028000","0"
"1279185558000","0"
"1279257613000","0"
"1279394636000","0"
"1279642645000","0"
"1279874910000","0"
"1280091845000","0"
"1280312537000","0"
"1280555659000","0"
"1280744493000","0"
"1280932358000","0"
"1281151587000","0"
"1281390609000","0"
"1281596317000","0"
"1281782624000","0"
"1281991061000","0"
"1282298308000","263401.25"
"1282521714000","265133.75"
"1282722567000","266873.25"
"1282944885000","268644.25"
"1283211251000","270385.2083333333"
"1283469066000","233253.625"
"1283723803000","234742.5"
"1283994174000","236251.5"
"1284263175000","237748.5"
"1284498592000","239233.5"
"1284712179000","240727.5"
"1284913744000","242221.5"
"1285139505000","243712.5"
"1285338429000","245197.5"
"1285542866000","246685.5"
"1285746222000","248199.875"
"1286054478000","249685.5"
"1286367137000","251179.5"
"1286639353000","421117.5"
"1286898034000","508325.25"
"1287126123000","468717.5625"
"1287310261000","471468.25"
"1287488444000","431122.5"
"1287660119000","433642.5"
"1287919405000","567024.25"
"1288113207000","701868"
"1288312152000","838218.25"
"1288499447000","842992"
"1288742248000","892333.3333333334"
"1288958652000","1076814"
"1289149740000","1533969.5"
"1289318414000","1633176"
"1289524916000","1151731.75"
"1289734830000","1375971.25"
"1289942698000","1291304"
"1290112462000","1298421.25"
"1290419316000","1352033.7708333333"
"1290696378000","1312409"
"1290923870000","1319423"
"1291139102000","1326479"
"1291369448000","1190602.0833333333"
"1291565963000","1196905.7291666667"
"1291750853000","1106953.1041666667"
"1291932610000","1209443.75"
"1292199039000","1118455.9791666667"
"1292459559000","1148817.375"
"1292718983000","1228356.25"
"1292957756000","1333442.25"
"1293250438000","1240981.25"
"1293514523000","1346969.25"
"1293778479000","1504192.5"
"1294029437000","1511692.5"
"1294306879000","1519132.5"
"1294582500000","1628360"
"1294842248000","1687529.25"
"1295081019000","2261019.75"
"1295339449000","2065459.1666666667"
"1295592233000","1971753.5"
"1295850878000","2294105"
"1296095276000","2211156.4166666665"
"1296366596000","2368608.75"
"1296628870000","4865305"
"1296877445000","4729081.75"
"1297110196000","4911305"
"1297351491000","5202425.25"
"1297570316000","5872947.25"
"1297784423000","5845943.25"
"1297969350000","5709812.5"
"1298193833000","5462725"
"1298407652000","4829242"
"1298600528000","5285181.9375"
"1298767888000","5472670.541666667"
"1299015645000","5283971.25"
"1299243794000","5251709.5"
"1299412387000","5162787"
"1299604529000","5129283.25"
"1299925924000","5265214.375"
"1300270439000","5117737.5"
"1300614387000","4683245.5"
"1300920449000","4646234.25"
"1301196597000","5185057.5"
"1301473634000","4628820"
"1301712376000","4648980"
"1301966419000","4640312.375"
"1302228663000","4499070.1875"
"1302487409000","4493608.416666667"
"1302732741000","5438741"
"1303011730000","6470903.083333333"
"1303283500000","7094095.75"
"1303547617000","8260852.5"
"1303790301000","10278767.25"
"1304028686000","12795631"
"1304252292000","25090573.5"
"1304474641000","21334137.208333332"
"1304680122000","21507816"
"1304881925000","23006343.75"
"1305083442000","33025194"
"1305313419000","40510603.75"
"1305498047000","54768451.5"
"1305671288000","52804732.75"
"1305853830000","46914305.0625"
"1306044063000","41537074.75"
"1306203500000","46621847.25"
"1306347933000","46045090.25"
"1306511857000","58687339.75"
"1306777765000","55022537.5"
"1307021488000","61965118.25"
"1307231355000","96812511.25"
"1307434831000","123919904.75"
"1307652808000","206201167.75"
"1307832216000","219935755"
"1308018049000","154541796.5"
"1308179621000","136047893.75"
"1308407859000","124187715.75"
"1308598962000","122275671.75"
"1308769821000","102049166.25"
"1308955955000","107688012.5"
"1309230539000","119149189.04166667"
"1309474991000","116332183.75"
"1309726607000","109696147.5"
"1310002883000","105877313.25"
"1310290154000","102773051"
"1310570478000","98793717"
"1310833193000","97308678.125"
"1311100010000","95469603.25"
"1311386055000","95845197.95833333"
"1311654898000","101198346.5"
"1311910425000","96729051.5625"
"1312170443000","101370730.5"
"1312455002000","88688341.10416667"
"1312792372000","67088500.5"
"1313091734000","74849797.5"
"1313424765000","80411325"
"1313738640000","82823983.125"
"1314029983000","82199932.75"
"1314328756000","77076876.45833333"
"1314666505000","67780985.83333333"
"1314961385000","60743663.625"
"1315259525000","61676298"
"1315573740000","52277539.25"
"1315894899000","49921108"
"1316212452000","40632025.5"
"1316528206000","43037788.25"
"1316830279000","42158841.25"
"1317158827000","39582408.5"
"1317488171000","39420936.875"
"1317822851000","37260856.75"
"1318160172000","33747068.5"
"1318554377000","31909851.375"
"1318894376000","28961548.125"
"1319249366000","20086162.375"
"1319622523000","22601325"
"1320019150000","28571413.5"
"1320320041000","25859649.75"
"1320632811000","23626158.375"
"1320942380000","23593617.75"
"1321268874000","23596419"
"1321556431000","19983665"
"1321893540000","18892991.25"
"1322240589000","19187574"
"1322592023000","20492747"
"1322889743000","24460050.5"
"1323196418000","23138757.833333332"
"1323492229000","23858842.791666668"
"1323807163000","26201189.25"
"1324138277000","25497552.708333332"
"1324442030000","34925325.75"
"1324756464000","31386091.041666668"
"1325043547000","32716177.083333332"
"1325354416000","35756535.75"
"1325642890000","43256727.6875"
"1325927070000","57728762.0625"
"1326211139000","57595085.354166664"
"1326528892000","55358202.958333336"
"1326826722000","58062301.5"
"1327131974000","53594939.25"
"1327435613000","52950763.0625"
"1327749550000","46797427.5"
"1328027233000","46205502.75"
"1328320643000","50865444"
"1328619797000","47818153.75"
"1328932207000","49187899.520833336"
"1329230753000","47444784.75"
"1329546111000","39309507.5"
"1329834164000","37751962.5"
"1330113975000","41988978.75"
"1330408003000","42881931"
"1330683758000","42250777.020833336"
"1331021432000","42801622.5"
"1331317521000","42509872.375"
"1331609146000","43163845.25"
"1331927295000","46627770"
"1332216765000","45104494.6875"
"1332519678000","42001081.645833336"
"1332811940000","40762871.333333336"
"1333118868000","42088906.25"
"1333439842000","44045655.5"
"1333786280000","43304427"
"1334102202000","42209955.041666664"
"1334438315000","43652628.25"
"1334780306000","44572064.166666664"
"1335095984000","48070424"
"1335426446000","45731919"
"1335728500000","45247427.75"
"1336000131000","44934067.5"
"1336270103000","45987699.25"
"1336540981000","45735737.5"
"1336858030000","45147662.833333336"
"1337200320000","45909382.25"
"1337519306000","46489372.5"
"1337864872000","46982794.25"
"1338185313000","46843241.25"
"1338520676000","47467699.8125"
"1338810367000","48210805.395833336"
"1339118358000","50457685.083333336"
"1339400108000","51522916.666666664"
"1339704670000","54989915.166666664"
"1339997193000","60237653.875"
"1340305645000","62085039.75"
"1340604402000","61044681.333333336"
"1340904310000","61401119.208333336"
"1341218078000","62785973.25"
"1341516319000","61930055"
"1341799639000","64384346.75"
"1342105200000","68596933.16666667"
"1342412274000","73813155"
"1342702794000","88914272.5"
"1343009876000","88395208.85416667"
"1343308594000","83975430"
"1343593043000","85358193.16666667"
"1343913993000","92134500"
"1344208627000","108461071.25"
"1344498038000","109528351.25"
"1344777882000","112636036.25"
"1345065858000","119351358.75"
"1345377523000","140891787.66666666"
"1345645420000","100400430.375"
"1345941023000","100582169.35416667"
"1346234082000","111251873.25"
"1346540765000","105659493.5"
"1346824742000","104462120.6875"
"1347107879000","111479318.125"
"1347417202000","110988078.08333333"
"1347740331000","116969933.5"
"1348037593000","121785617.9375"
"1348345413000","125426281.75"
"1348655842000","122754475.5"
"1348968502000","125389287.54166667"
"1349307529000","129899254.33333333"
"1349664052000","128408381.83333333"
"1349968989000","123309898.66666667"
"1350285167000","122110724.20833333"
"1350601371000","122137347.91666667"
"1350914367000","120626409.58333333"
"1351229212000","118483642"
"1351524650000","109873913.45833333"
"1351865874000","116047178.625"
"1352187003000","112643234.16666667"
"1352500941000","114911946.125"
"1352830064000","116042616.75"
"1353165615000","122908160.83333333"
"1353494363000","123549266.75"
"1353796147000","130148625.75"
"1354098672000","131218463.54166667"
"1354400022000","133086891.6875"
"1354766206000","140813243.45833334"
"1355109139000","142625952.25"
"1355456475000","145764177.1875"
"1355833512000","142321157.625"
"1356180906000","144186743.9375"
"1356527025000","142354338"
"1356812903000","144759415.9375"
"1357093702000","143901965.1875"
"1357382191000","143520440.625"
"1357685049000","144865350.375"
"1358027856000","152498122.3125"
"1358360307000","155029832.875"
"1358703484000","169317856.14583334"
"1359024371000","192197236.5"
"1359327667000","189646428.125"
"1359623672000","215610621.875"
"1359898441000","225427321.875"
"1360164520000","224841099.5"
"1360465665000","255269076.20833334"
"1360757834000","270956354.375"
"1361016483000","294146690.34375"
"1361269141000","291366125.75"
"1361522052000","321655884.375"
"1361780399000","323336402.625"
"1362020090000","338669316.8125"
"1362303039000","371619242.96875"
"1362571017000","441580441.875"
"1362850998000","478521450"
"1363119910000","524809432.5"
"1363378853000","510813342.875"
"1363612065000","517086960.25"
"1363840085000","720367799.8541666"
"1364034746000","768469140.625"
"1364283307000","811516338.75"
"1364559362000","959364218.75"
"1364805565000","1023578440.625"
"1365048595000","1439613037.5"
"1365326272000","1580006195.625"
"1365575097000","2544904557.1875"
"1365833902000","1351917862.5"
"1366091765000","751797611.25"
"1366374881000","1226798362.5"
"1366647574000","1316703018.75"
"1366910631000","1717754972.625"
"1367169986000","1425031268.75"
"1367445984000","1543217962.5"
"1367746107000","1257088121.25"
"1367995489000","1242920457.1875"
"1368252492000","1305588955"
"1368507181000","1315878927.46875"
"1368796929000","1310875311.875"
"1369088933000","1363532550.875"
"1369356288000","1390157270.4166667"
"1369616804000","1486356224.2708333"
"1369880821000","1466780423.4375"
"1370111678000","1448579172.9791667"
"1370328107000","1371658385.125"
"1370549181000","1371733081.25"
"1370811666000","1216561569.9791667"
"1371054814000","1229333337.5"
"1371291289000","1128852725.9583333"
"1371541810000","1152367611.875"
"1371837139000","1257393639"
"1372102747000","1223212287.25"
"1372356804000","1179413300"
"1372622625000","1078426516.34375"
"1372883453000","1034832189.375"
"1373131855000","783496826.75"
"1373360723000","871267950.125"
"1373592355000","1007557880.8333334"
"1373862346000","1080941980.375"
"1374119284000","1126607530.9375"
"1374372443000","1036393694.875"
"1374629158000","1072352031.25"
"1374907094000","1100986824.4791667"
"1375158325000","1164872429.5"
"1375384541000","1220393317.5"
"1375624955000","1207332993.125"
"1375857055000","1227207231"
"1376077615000","1187616453.875"
"1376284347000","1211882437.5"
"1376521894000","1263494143.125"
"1376775139000","1136498278.125"
"1377018280000","1191029998.125"
"1377226847000","1271863915.875"
"1377478166000","1273677463.1666667"
"1377731268000","1367681260.5"
"1377950652000","1451975027.5"
"1378136618000","1521416263.4270833"
"1378381986000","1425150080.875"
"1378649471000","1399296388.4166667"
"1378877986000","1425335448.25"
"1379086970000","1485923224.125"
"1379310387000","1467422048.8541667"
"1379572312000","1489752649"
"1379802177000","1443500666"
"1380011928000","1440485921.875"
"1380246582000","1459459629.53125"
"1380499680000","1489655343.3020833"
"1380756738000","1502881406.8333333"
"1380981150000","1438466734.25"
"1381231256000","1461971222.5"
"1381475412000","1499036072.0833333"
"1381698222000","1510085331.3125"
"1381873725000","1601543159.125"
"1382111120000","1707297529.5"
"1382322568000","2210047042.5"
"1382524457000","2255617546.875"
"1382724117000","2324474815.15625"
"1382960359000","2311848908.75"
"1383207367000","2456862384.375"
"1383418791000","2423563712.5"
"1383656522000","2748257485.3125"
"1383944916000","3481825121.75"
"1384210724000","3928509300"
"1384452977000","4712111756.25"
"1384701879000","5248358417.75"
"1384974951000","6572814677.083333"
"1385250541000","9563124562.5"
"1385522894000","11052291044.625"
"1385785069000","13369093730.9375"
"1386038568000","12196560331.302084"
"1386290707000","13684268569.166666"
"1386525219000","8537879975.4375"
"1386766420000","11850667031.5"
"1387029673000","10727029687.5"
"1387271088000","8372813625"
"1387486585000","6341092875"
"1387744237000","7295219302.9375"
"1388014110000","7949319987.5"
"1388277064000","8809147807.6875"
"1388535069000","8984994659.375"
"1388807469000","9860484181.6875"
"1389065881000","11195168709.375"
"1389304995000","10076442453.958334"
"1389538029000","10965842062.5"
"1389790982000","10008438050"
"1390045816000","9724304700"
"1390301800000","10174881748.25"
"1390557164000","9981989428.208334"
"1390848308000","10029830618.5625"
"1391125378000","9791436793.75"
"1391368889000","10086730038"
"1391628878000","9923552003.947916"
"1391902495000","8784021841.875"
"1392193873000","8361001686.5625"
"1392458907000","8310485133.96875"
"1392722252000","7819110110.791667"
"1392984104000","6995698422.916667"
"1393257456000","7601164113.125"
"1393525464000","7287817638.375"
"1393826708000","6993987000"
"1394132775000","8370746803.75"
"1394411291000","7831157708.4375"
"1394697166000","7942135825.3125"
"1394999645000","7979482771.458333"
"1395284158000","7661539070"
"1395549142000","7065177888.34375"
"1395815004000","7358991146.385417"
"1396088135000","6283018519.166667"
"1396368975000","5759667571.625"
"1396610116000","5655335481.583333"
"1396904283000","5778565485.416667"
"1397213209000","4660729453.125"
"1397473777000","5279959816.25"
"1397745510000","6661795814.78125"
"1398041905000","6374679508.166667"
"1398330830000","6241355928.09375"
"1398624529000","5860811382.666667"
"1398932766000","5747018543.135417"
"1399233114000","5600205875"
"1399531859000","5617397662.25"
"1399807729000","5829047377.083333"
"1400108657000","5606934824.333333"
"1400382283000","5737365036.229167"
"1400659467000","6246134023.666667"
"1400929739000","6675171581.25"
"1401241312000","7421944904"
"1401537761000","7975201603.4375"
"1401790148000","8506381412.5"
"1402072480000","8508509060.458333"
"1402377652000","8354162040.46875"
"1402673734000","7409580571.979167"
"1402927452000","7650209745.28125"
"1403201136000","7853376400"
"1403448506000","7641380578.75"
"1403705681000","7442375813.25"
"1403961746000","7761342209.375"
"1404276279000","8291432078.125"
"1404584973000","8129846197.5"
"1404884951000","8122666733.90625"
"1405187637000","8248712475"
"1405493675000","8127831773.729167"
"1405773291000","8237588387.03125"
"1406072805000","8120498171.625"
"1406376292000","7876117290.416667"
"1406691804000","7671206796.6875"
"1406990710000","7799224482.5"
"1407315042000","7626382114"
"1407597158000","7726260499.708333"
"1407859506000","7537701406.135417"
"1408140113000","6631765030.875"
"1408409984000","6478851849.041667"
"1408677107000","6863014476.875"
"1408984910000","6698678251.208333"
"1409260376000","6754812781.0625"
"1409520446000","6619387350"
"1409823994000","6275728597.395833"
"1410124915000","6349608239.65625"
"1410434084000","6331553909.25"
"1410709407000","6327082032.416667"
"1410984186000","6154009925"
"1411251111000","5259839557.15625"
"1411545741000","5855556673.614583"
"1411851429000","5390894025.125"
"1412167342000","5202460152.75"
"1412480922000","4399946398.791667"
"1412771905000","4462999842.5"
"1413085031000","4838065735"
"1413400787000","5388093921.875"
"1413703033000","5239266001.041667"
"1414018687000","5175957040.875"
"1414316488000","4658866459.375"
"1414627814000","4781540009.677083"
"1414893363000","4484525209.03125"
"1415169371000","4446798750.375"
"1415488770000","4612404674.25"
"1415801127000","4984056631.875"
"1416105699000","5165907448.25"
"1416416118000","5068182619.5"
"1416734507000","4776990124"
"1417061434000","4968851962.208333"
"1417363940000","5092037950.625"
"1417694365000","5102948409.322917"
"1418021198000","5107725323.479167"
"1418327766000","4742565571.385417"
"1418657301000","4869905105.625"
"1419007942000","4254246828.8125"
"1419331859000","4527417364.25"
"1419623382000","4365586393.125"
"1419906747000","4300549400.208333"
"1420198480000","4305763274.229167"
"1420481037000","3603017430.7395835"
"1420796731000","3898691262.75"
"1421104807000","3699298319"
"1421433513000","2886317308.875"
"1421752865000","2968795537.875"
"1422104054000","3215168919.625"
"1422440966000","3628741495.5"
"1422743402000","3128602238.2708335"
"1423045782000","3139337590.6666665"
"1423332219000","3071006084.75"
"1423644002000","3046308975.5"
"1423952932000","3278013925.4166665"
"1424257984000","3397360783.34375"
"1424544209000","3407386391.25"
"1424864126000","3329583146.0625"
"1425172827000","3506666060.7916665"
"1425476961000","3885600664.875"
"1425798019000","3850144653.75"
"1426107048000","4039708760.4166665"
"1426432139000","3934698432.2916665"
"1426752835000","3586573052.7395835"
"1427072405000","3645357572.3958335"
"1427351887000","3454669471.5"
"1427643974000","3540200232.5"
"1427957768000","3452894056.0208335"
"1428261111000","3556846324.2604165"
"1428595516000","3438531614.5833335"
"1428923895000","3322337218.75"
"1429243744000","3198880343.75"
"1429565913000","3133068560.6145835"
"1429884306000","3324313925.4375"
"1430194743000","3187705589.90625"
"1430512154000","3330306552.125"
"1430832500000","3365623734.375"
"1431137479000","3378407203.5"
"1431461324000","3410117410.9895835"
"1431769975000","3362647213.1875"
"1432071460000","3301074102.625"
"1432395154000","3389105568.75"
"1432718557000","3347908050"
"1433040199000","3325211384.6041665"
"1433344837000","3204714545.0833335"
"1433652692000","3204702379.03125"
"1433945609000","3263257315.25"
"1434246921000","3294635569.6875"
"1434578901000","3570723694.25"
"1434890652000","3499194064.3229165"
"1435201972000","3452581411.6875"
"1435513681000","3598147295.9791665"
"1435826705000","3695582413.75"
"1436127524000","3735564658.4375"
"1436416260000","3882296965.125"
"1436727737000","4192430111.9166665"
"1437031845000","4110120119.25"
"1437337416000","3985350036.25"
"1437646971000","4006718648.625"
"1437950800000","4166388189.8125"
"1438263037000","4190669375"
"1438565373000","4071857924.8229165"
"1438886303000","4065174312.5"
"1439187144000","3837842828.4375"
"1439477005000","3877200540.4895835"
"1439813497000","3715067098.9375"
"1440111648000","3284888162.7604165"
"1440410215000","3315287703.75"
"1440718490000","3273222037.0833335"
"1441010949000","3324995592.96875"
"1441310674000","3340657791.375"
"1441617364000","3503229927.5"
"1441911882000","3478593186.25"
"1442207130000","3360478729.1666665"
"1442509077000","3339030848.0625"
"1442850408000","3368797976.25"
"1443150569000","3414084813.8541665"
"1443457017000","3500172569.96875"
"1443749818000","3498936664.90625"
"1444053332000","3503224052.3333335"
"1444373931000","3588171651.2395835"
"1444688053000","3629339446.1822915"
"1444985043000","3779718359.9895835"
"1445289887000","3906169785.6927085"
"1445611312000","4111277055.71875"
"1445909852000","4269728345.625"
"1446211889000","4826828403.791667"
"1446497686000","5214443007.0494795"
"1446798647000","5490762774.2057295"
"1447103298000","5618239476.864583"
"1447386727000","5029382498.568576"
"1447669845000","4747022774.838542"
"1447979686000","4867677958.385417"
"1448238076000","4807359001.86632"
"1448518274000","4971787704.494792"
"1448805012000","5394821274.411458"
"1449084297000","5388339188.7994795"
"1449377316000","5948815030.177083"
"1449649813000","6305685725.308514"
"1449893624000","6881739226.918584"
"1450156800000","6856819346.348965"
"1450419967000","6865999245.274314"
"1450691651000","6527052463.66216"
"1450992492000","6851658010.857921"
"1451243790000","6335951712.197923"
"1451525868000","6374031228.06598"
"1451833395000","6455842859.286092"
"1452111871000","6471929563.516906"
"1452393675000","6728849974.1025505"
"1452646942000","6657474424.857803"
"1452964043000","5570194041.045594"
"1453249442000","5714876533.721303"
"1453530388000","5914867309.674343"
"1453785829000","5933065532.672338"
"1454066312000","5685235020.168268"
"1454312318000","5661806037.69234"
"1454562898000","5645292805.596654"
"1454804768000","5674228833.916799"
"1455065491000","5699032562.152913"
"1455312437000","5804312751.291757"
"1455592572000","6076545936.353706"
"1455869817000","6382280218.312785"
"1456190503000","6708314382.347228"
"1456501654000","6484459197.365899"
"1456823522000","6629062011.760437"
"1457117821000","6412029349.216826"
"1457412175000","6322668107.360166"
"1457677290000","6409985151.429748"
"1457976234000","6343267351.319279"
"1458262124000","6414404728.431773"
"1458573022000","6279077539.880947"
"1458866702000","6392004449.279018"
"1459157335000","6540150847.140943"
"1459440156000","6375800734.123538"
"1459738225000","6458325664.916682"
"1460020694000","6468324828.068005"
"1460293981000","6477614643.88902"
"1460573202000","6548511387.952854"
"1460859590000","6663944359.1589575"
"1461159471000","6758784364.838159"
"1461440118000","6972065919.861461"
"1461756085000","7215164909.740299"
"1462058776000","6959980061.08406"
"1462332591000","6965758890.4033"
"1462615637000","7125850174.3475685"
"1462871094000","7154039878.037189"
"1463170793000","7090683961.745441"
"1463474881000","7051380371.117084"
"1463781491000","6850661237.985229"
"1464038386000","6872096857.329688"
"1464349467000","7422041903.451064"
"1464650560000","8541073845.056408"
"1464967493000","8764872718.238356"
"1465249879000","9220527186.288895"
"1465537880000","9034866179.03522"
"1465823500000","10866848958.882217"
"1466114141000","11981103701.819336"
"1466381104000","11989059306.87426"
"1466674797000","9283279805.90583"
"1466975647000","9859567606.49656"
"1467272367000","10020895058.77507"
"1467557056000","10641349699.1417"
"1467856805000","10662268913.996367"
"1468153015000","10161103189.316704"
"1468455478000","10392203521.557138"
"1468753822000","10541517612.981495"
"1469053592000","10469361887.140142"
"1469385440000","10384457621.219065"
"1469715815000","10357903066.215544"
"1470023943000","9763129537.557888"
"1470300301000","8973289071.069204"
"1470562152000","9253491216.620043"
"1470854133000","9459619516.53947"
"1471141139000","9233863559.66532"
"1471437580000","9088364457.203632"
"1471723033000","9183378468.882664"
"1471999584000","9192636898.57637"
"1472316111000","9024448108.895515"
"1472597553000","9145942210.192747"
"1472903093000","9079232998.88355"
"1473191975000","9656515257.664099"
"1473486247000","9868285176.103441"
"1473756153000","9608698684.874727"
"1474028752000","9634941065.772943"
"1474321289000","9625061684.097797"
"1474604162000","9431240149.687563"
"1474867788000","9508854365.43733"
"1475149869000","9591697750.938986"
"1475433009000","9665877543.846422"
"1475710748000","9723082611.549133"
"1475984538000","9785487465.849813"
"1476290876000","10133131446.3374"
"1476610485000","10146964453.101786"
"1476927033000","9961926710.597204"
"1477212012000","10437031815.080944"
"1477513377000","10696731927.436277"
"1477799675000","11249878180.956907"
"1478086843000","11530057099.22672"
"1478389556000","11216502491.964714"
"1478670087000","11488699930.959333"
"1478936493000","11440407488.494286"
"1479207998000","11382725310.168016"
"1479466520000","11922951933.424143"
"1479779545000","11762326653.55013"
"1480071336000","11686331998.41955"
"1480347594000","11709787926.746038"
"1480640771000","12062780278.948168"
"1480913863000","12208486779.054377"
"1481186389000","12243891904.476187"
"1481478334000","12289771623.854124"
"1481741017000","12443139894.279419"
"1482057686000","12665513810.493921"
"1482353231000","13216001835.524696"
"1482637216000","14235091204.952179"
"1482918820000","15366491216.80134"
"1483197968000","15323254896.174416"
"1483469645000","16431112523.204865"
"1483749103000","14348325190.85392"
"1484045451000","14548769949.71093"
"1484303538000","12573992229.738594"
"1484563366000","13314950960.60196"
"1484835226000","14288753539.47851"
"1485078004000","14974580504.619406"
"1485359964000","14326721349.693947"
"1485627331000","14799390421.78789"
"1485909562000","15573181571.575432"
"1486169361000","16387557190.745352"
"1486472565000","16891794093.919191"
"1486747162000","15617943606.289957"
"1487034711000","16020455555.639013"
"1487320939000","16778214456.11306"
"1487618648000","17105181120.25313"
"1487918726000","19406645692.210625"
"1488174580000","19221003436.426144"
"1488458422000","19888474500.97726"
"1488755228000","20620969024.21403"
"1489052148000","19018878670.747654"
"1489328260000","19129474945.15048"
"1489625312000","20341926852.141464"
"1489903811000","16310314829.744074"
"1490194562000","16938709113.044558"
"1490467033000","15254719295.87651"
"1490756734000","16814826168.671692"
"1491058803000","17814264778.41848"
"1491341675000","18477489626.450066"
"1491624229000","19369494865.091682"
"1491908522000","19659941154.22428"
"1492214673000","19341901864.4541"
"1492513521000","19744152486.835552"
"1492806198000","20254480211.91335"
"1493108859000","20537723210.453968"
"1493410528000","21573294751.224453"
"1493678777000","23419962075.660824"
"1493964759000","25753949584.367863"
"1494232778000","26769161918.361454"
"1494504904000","30471452824.840427"
"1494784281000","29126607401.624683"
"1495069501000","29528882349.479095"
"1495344463000","33612875902.927456"
"1495628679000","38400026817.57031"
"1495899140000","33807958963.21678"
"1496157407000","37456618562.4856"
"1496416712000","39525465384.05925"
"1496671666000","42516442955.38311"
"1496937333000","44881238275.08715"
"1497229019000","48947708840.27105"
"1497525952000","39017129051.48227"
"1497821621000","41074164333.6407"
"1498126176000","43254667981.45836"
"1498417191000","42335160927.76063"
"1498726718000","42044624785.532326"
"1499002234000","39955805442.38721"
"1499265417000","42086453168.229904"
"1499551902000","41634931451.497"
"1499799945000","38717013839.64209"
"1500074909000","35963717101.51147"
"1500365917000","36474818166.40562"
"1500632392000","45039757405.09097"
"1500895280000","45367555193.73876"
"1501181476000","42027602364.283936"
"1501461713000","44771741992.48953"
"1501752063000","44758139199.24047"
"1502015674000","52655161250.04047"
"1502293722000","54277809353.437706"
"1502611380000","67038673762.7304"
"1502920692000","71498097404.48082"
"1503189265000","68157051810.2761"
"1503538455000","68369128567.70721"
"1503899854000","70560348574.40208"
"1504190980000","78049071576.13753"
"1504448846000","75010454265.07867"
"1504685751000","73998578797.89255"
"1504937396000","71065827590.34311"
"1505205111000","71601507611.89534"
"1505437685000","54728487680.23648"
"1505685719000","62172953553.3677"
"1505991974000","64232661442.03623"
"1506263521000","61010027626.24694"
"1506573517000","69274189384.4791"
"1506849608000","71350297469.8575"
"1507119415000","70885588962.60408"
"1507420734000","72742853328.58147"
"1507676348000","80460820137.78831"
"1507976105000","93947856049.68733"
"1508223692000","93842573074.92192"
"1508478315000","94680990748.66966"
"1508733113000","99418537992.49963"
"1508977742000","94768187346.34663"
"1509311081000","100565138268.77905"
"1509602612000","113964143593.96556"
"1509919752000","125642824400.40218"
"1510220899000","121896007264.024"
"1510607178000","107253129752.42613"
"1510898894000","131959464968.16235"
"1511178673000","134069794325.89435"
"1511442013000","135872137488.0205"
"1511721752000","153411651183.25873"
"1511977984000","183992614664.71658"
"1512229108000","182917552637.8242"
"1512475035000","195555061904.43942"
"1512729498000","267489885701.9625"
"1512984438000","283325373158.4144"
"1513234025000","275416212170.14014"
"1513479946000","324456886348.2603"
"1513737006000","284517240485.93024"
"1514043195000","255501557199.89536"
"1514341154000","266467933038.59155"
"1514623032000","226387198772.50354"
"1514885728000","223549439119.9138"
"1515153948000","264665715016.548"
"1515422966000","255985332352.23962"
"1515670000000","227233213175.52188"
"1515925356000","229524048359.55847"
"1516195364000","173155598869.53098"
"1516450948000","210884051701.54514"
"1516689067000","176702923879.07254"
"1516951710000","191792307599.81125"
"1517235922000","187047466886.11572"
"1517518765000","149677393300.48618"
"1517776921000","138850615376.4921"
"1518034467000","139591249710.15613"
"1518337401000","135047515105.85487"
"1518603710000","149117293883.7548"
"1518878308000","180843082495.05194"
"1519165034000","196880766123.83243"
"1519445212000","173065412878.7498"
"1519719116000","174462404543.7496"
"1519991654000","184930212209.70657"
"1520253653000","193947180104.85574"
"1520530104000","165238932543.74936"
"1520823830000","161824782138.48676"
"1521100361000","132421841781.80196"
"1521387230000","129122057980.44263"
"1521682907000","151175109525.67892"
"1521980203000","143414375824.21814"
"1522278474000","134223850232.81187"
"1522565455000","117277759491.9345"
"1522844589000","121534913057.04823"
"1523115934000","116577124337.23888"
"1523387873000","115969936217.18678"
"1523658222000","135690532762.09784"
"1523940845000","136426886382.09956"
"1524197913000","141556143589.58258"
"1524480427000","151579127083.07217"
"1524782585000","152750905314.03223"
"1525083528000","157001163395.05133"
"1525363500000","159065589711.4576"
"1525664464000","161401546893.74844"
"1525946335000","158829175215.47104"
"1526233759000","146758653055.1832"
"1526519032000","141658085206.7701"
"1526814271000","141491650496.87427"
"1527101348000","130136629257.348"
"1527366386000","128601698923.69719"
"1527643616000","127480895599.44511"
"1527892878000","126883137290.62425"
"1528151398000","128255392788.28047"
"1528432334000","131015301744.79091"
"1528737820000","115056230823.95758"
"1529032694000","112716965935.67633"
"1529301192000","109796102825.86029"
"1529569910000","115495965120.05133"
"1529839704000","100722051820.05133"
"1530130584000","104541750506.77007"
"1530419225000","108806064861.18275"
"1530735953000","114360901933.51537"
"1531032181000","115337157321.61382"
"1531320617000","109149251038.02007"
"1531635922000","107270977949.21797"
"1531937629000","127641201265.36382"
"1532204079000","126817332994.27007"
"1532456450000","140460914940.88464"
"1532718946000","140868528399.19772"
"1532999417000","140180198520.03165"
"1533277654000","126079051164.10657"
"1533542216000","121848437261.9784"
"1533836328000","110155272797.65547"
"1534085062000","108034246190.62422"
"1534374642000","109877309780.3661"
"1534649627000","109611360886.95601"
"1534937472000","114826272983.33257"
"1535231966000","115605639408.33257"
"1535485979000","121364836789.58257"
"1535771158000","121312761239.32214"
"1536065779000","126125533651.56172"
"1536367995000","110683237794.27007"
"1536649652000","109288161753.90547"
"1536949367000","111632237021.25444"
"1537255989000","107991175715.36382"
"1537543296000","116270093022.9159"
"1537821687000","114623245458.33257"
"1538110485000","115887422799.92255"
"1538383766000","114121042880.46797"
"1538681483000","113416372947.65547"
"1538997877000","113549888151.30132"
"1539300481000","107152067845.8343"
"1539616220000","110872476450.30498"
"1539926685000","110808230863.28047"
"1540222335000","110938887015.1034"
"1540536003000","110876911079.94714"
"1540838708000","108822815342.70757"
"1541110450000","109699342491.28023"
"1541420291000","111296717398.43672"
"1541742390000","111355362709.63722"
"1542061046000","110155117655.20757"
"1542398404000","96184020177.93745"
"1542722975000","76333673079.42627"
"1543070046000","73969662751.386"
"1543408718000","69417773088.28043"
"1543799204000","71574216539.09435"
"1544131483000","62706668338.54084"
"1544477343000","59081249405.22935"
"1544810831000","56033882481.50959"
"1545106562000","61083071291.40543"
"1545424106000","68098658026.56168"
"1545678580000","71232057201.24643"
"1545944488000","63543584366.66584"
"1546209969000","66575209392.21131"
"1546497123000","67412238822.39501"
"1546773725000","66314123161.717926"
"1547057912000","69846950399.21794"
"1547343686000","63229223687.759605"
"1547655993000","63293907727.603355"
"1547968415000","64548413427.34293"
"1548262855000","62387434714.58252"
"1548556984000","62166396651.69161"
"1548857915000","59949323488.06602"
"1549142255000","60076489802.86377"
"1549439710000","59089554315.103355"
"1549697094000","63276644055.20752"
"1550001302000","62842830066.665855"
"1550314343000","62881522189.58252"
"1550582762000","68043175835.93668"
"1550888125000","69124786287.49919"
"1551189724000","66556290584.374176"
"1551471455000","67228935137.75959"
"1551774995000","65122842957.55126"
"1552082162000","68346539143.48876"
"1552384254000","67569109543.22834"
"1552680076000","68486783840.88459"
"1552956819000","69891657835.93668"
"1553226373000","69958239146.09293"
"1553514037000","69868407500.52"
"1553810493000","70593272276.30125"
"1554108368000","72611477844.53043"
"1554409569000","86235426296.72263"
"1554702600000","93274900238.57861"
"1554997294000","89008762636.19714"
"1555312134000","91160140766.6651"
"1555610401000","92764709111.45757"
"1555894729000","93415904015.36382"
"1556205758000","96358921918.66975"
"1556493566000","90718143086.45757"
"1556764735000","93915179196.61382"
"1557048371000","101093085795.31172"
"1557350944000","104039134855.20757"
"1557665794000","129665641197.13464"
"1557938513000","141135616309.0891"
"1558222239000","129052296045.15833"
"1558493979000","141535553677.40555"
"1558753970000","142232232041.40546"
"1559027653000","155355362452.60336"
"1559300481000","146930462015.62424"
"1559628323000","141091764396.27722"
"1559897664000","140794941608.07214"
"1560192130000","140983061593.78036"
"1560494657000","145956885248.49844"
"1560791239000","164832655102.91052"
"1561060567000","167040057452.6034"
"1561336975000","192889564027.47702"
"1561602181000","226961265480.20755"
"1561871397000","214819477964.06174"
"1562147763000","200516060070.05136"
"1562393192000","203886572477.60342"
"1562645298000","222340163848.9576"
"1562948942000","207528879482.55136"
"1563242540000","195080489506.28714"
"1563566102000","185176299698.94937"
"1563829489000","182795415878.64526"
"1564132241000","173535862374.47858"
"1564383046000","171719399085.4161"
"1564657693000","177879562071.614"
"1564922557000","191253991034.45993"
"1565193467000","212606099848.71753"
"1565485639000","201865843270.05154"
"1565781797000","187736711824.21823"
"1566075297000","181948156379.60928"
"1566369178000","187060125258.82645"
"1566658093000","178838554057.29126"
"1566955726000","181559860427.60376"
"1567226710000","172175844094.27045"
"1567508276000","186015583661.97876"
"1567780680000","194834953615.62463"
"1568053918000","184866050350.78088"
"1568299526000","183239206345.31213"
"1568581853000","184830124651.04126"
"1568845710000","182911956921.61417"
"1569124719000","178216983054.16626"
"1569419404000","150359583029.6871"
"1569692767000","145321199026.30167"
"1570000916000","147607807074.47876"
"1570288519000","145057996294.79126"
"1570566141000","147074449781.51004"
"1570852071000","149372564584.63504"
"1571155722000","149182364089.58295"
"1571443335000","143043234845.57993"
"1571725793000","147931756525.26004"
"1572010844000","136843243615.8503"
"1572332610000","169424312420.83292"
"1572663158000","166896820800.26"
"1572975320000","168468302710.15585"
"1573294133000","159340250852.38962"
"1573566690000","157361674705.20792"
"1573857408000","152753000213.9161"
"1574148747000","147021245345.69644"
"1574460182000","130994852014.32251"
"1574767213000","129756766793.15088"
"1575067701000","139661672031.77042"
"1575374429000","131817825290.62459"
"1575654496000","133670095592.44751"
"1575937424000","133020092982.55168"
"1576241030000","130421242285.93709"
"1576537681000","124503262708.59334"
"1576835511000","129100635919.27043"
"1577090967000","136569569879.42668"
"1577396102000","132489147984.83002"
"1577684229000","133218428744.79126"
"1577950670000","128950959949.47876"
"1578219204000","134965888432.03087"
"1578494207000","151376430854.94754"
"1578775112000","148133138430.20795"
"1579062192000","159051124028.90585"
"1579341582000","160834877342.44754"
"1579695097000","157107293051.13705"
"1579965580000","151100449460.4163"
"1580262110000","169652800625.52048"
"1580542899000","171194149291.92673"
"1580845100000","167217258291.92673"
"1581140658000","177312551970.83298"
"1581452851000","187296402138.80167"
"1581758984000","186875398666.14542"
"1582047808000","178580965010.15585"
"1582347510000","176230971403.385"
"1582650147000","174198493221.8746"
"1582938038000","158951750196.35376"
"1583213729000","161602741279.6871"
"1583476039000","165604734602.65213"
"1583754354000","144162525376.3017"
"1584073731000","81442778600.33391"
"1584426197000","95016941395.25848"
"1584806177000","112256234748.69757"
"1585174098000","121114707715.88232"
"1585458540000","113641820721.0934"
"1585743177000","115234589865.62465"
"1586032221000","124222474786.458"
"1586305523000","131228742721.0934"
"1586580805000","126623132300.5205"
"1586841508000","126152551095.05174"
"1587115878000","129408871974.73924"
"1587400786000","129242841308.07257"
"1587695611000","137490899786.45798"
"1588008172000","140811496481.24963"
"1588310247000","159718863564.58444"
"1588585490000","158796660784.89548"
"1588867660000","174156821045.98706"
"1589156593000","160206848153.26407"
"1589480970000","177533413893.87988"
"1589829002000","177427325403.63864"
"1590193526000","168809486148.8278"
"1590545545000","162587239455.98926"
"1590862562000","175439997811.58823"
"1591168798000","174664066057.55176"
"1591432736000","176666011125.65073"
"1591686814000","178203108603.25488"
"1591942276000","172041153004.9476"
"1592203290000","168146065614.8434"
"1592510886000","172883500381.11948"
"1592816630000","173443916421.0934"
"1593110681000","170348306855.20804"
"1593396865000","167625484311.45804"
"1593674968000","170002326024.86948"
"1593948097000","166680065931.3799"
"1594218294000","171700301625.52054"
"1594487750000","169920424239.1924"
"1594772297000","170673211775.78094"
"1595100307000","169163169939.1924"
"1595421883000","172020094828.51532"
"1595713663000","178695099420.5726"
"1595997375000","202083158223.6976"
"1596296166000","214007413260.41635"
"1596585116000","207110821603.77573"
"1596879414000","214288657138.0205"
"1597170779000","211512005925.12988"
"1597443086000","217670690819.79135"
"1597737886000","226678797464.71323"
"1598033110000","216652178649.54135"
"1598324100000","217000679442.83823"
"1598634757000","212112901040.62473"
"1598934523000","215113546954.55728"
"1599233582000","192254312246.35388"
"1599517357000","187821951174.7393"
"1599802596000","189837463438.93204"
"1600063796000","191243616226.56226"
"1600328455000","201531262460.80704"
"1600595910000","202573269450.39038"
"1600902986000","189479285529.42685"
"1601191157000","199160974934.88876"
"1601486395000","198874577992.7081"
"1601792837000","195256873175.12997"
"1602086919000","196547196689.8435"
"1602379031000","209786814154.1664"
"1602658987000","211308673539.5831"
"1602937911000","210061244643.35913"
"1603263797000","226836407665.17258"
"1603578587000","243035720924.4789"
"1603972104000","244855782722.65598"
"1604361513000","251275809516.97574"
"1604651733000","290463154045.1965"
"1604931866000","287159180511.45807"
"1605212275000","298243428374.0195"
"1605500625000","296527890789.19244"
"1605780009000","328293322583.4698"
"1606033976000","343314966258.5793"
"1606322875000","357979825921.0935"
"1606598907000","329690727301.6924"
"1606916016000","353897292200.8528"
"1607206709000","354718025637.8903"
"1607509137000","335471464835.2862"
"1607823377000","349086311873.307"
"1608112690000","361132698982.5301"
"1608410650000","443595208478.4165"
"1608704161000","438233266363.28094"
"1609008672000","478524898426.82184"
"1609292754000","508329087247.1351"
"1609561393000","545289533702.74774"
"1609824556000","593059416678.6454"
"1610081826000","711078371938.9318"
"1610365208000","657804214822.9164"
"1610653835000","736438104727.083"
"1610948899000","661170450818.9905"
"1611255394000","587819591435.4164"
"1611551565000","613563379614.0621"
"1611842829000","585605541262.0856"
"1612137227000","610787082000.1661"
"1612436152000","705288778766.0988"
"1612704821000","730204832762.2396"
"1612985653000","833498677639.4532"
"1613284490000","889890052792.9326"
"1613600524000","971624052398.9585"
"1613891796000","1055036400926.0419"
"1614201307000","920515843129.859"
"1614484759000","855458655571.4847"
"1614793980000","953377491893.4899"
"1615094615000","922819625929.0367"
"1615382631000","1024853309268.2295"
"1615680728000","1142161798379.3845"
"1615964969000","1041012265651.4326"
"1616260150000","1105239193621.92"
"1616532036000","1032429743432.292"
"1616822714000","1023231587337.3701"
"1617098815000","1084584569191.5367"
"1617384851000","1108644207547.2659"
"1617681383000","1101841981180.0784"
"1617981894000","1092616439241.5367"
"1618262908000","1120541618834.3752"
"1618561572000","1160462732935.388"
"1618956647000","1056081890266.016"
"1619290923000","935436211720.9904"
"1619599108000","1016538069871.8754"
"1619918489000","1077740350284.1149"
"1620155982000","1012151736088.8662"
"1620416090000","1083302407245.4697"
"1620647536000","1088617227161.4585"
"1620896111000","952079903320.208"
"1621223735000","851449886655.5249"
"1621594600000","748890712875.391"
"1621946496000","705406152769.4835"
"1622311806000","645789499489.7545"
"1622612285000","684057982477.1097"
"1622910469000","672910839020.69"
"1623204455000","619454310848.8284"
"1623575752000","658827675138.3049"
"1623899792000","722274381615.0444"
"1624270388000","620185730008.0736"
"1624692095000","600566725000.3912"
"1625193894000","628159771412.8236"
"1625560930000","651165163805.9905"
"1625876815000","634692982162.631"
"1626191903000","611757075304.4279"
"1626479048000","594669092001.0426"
"1626767629000","557219090162.6796"
"1627067108000","603524892962.8915"
"1627352603000","698396165278.9115"
"1627616827000","751956028013.1788"
"1627891246000","747561608292.9694"
"1628171027000","713382492162.7653"
"1628435956000","836157670800.3492"
"1628703660000","872502344350.3912"
"1628988461000","882469217108.3175"
"1629238959000","849723154192.1401"
"1629519938000","919325095062.2616"
"1629758899000","930258376475.419"
"1630040337000","883772774649.2941"
"1630331410000","898458962042.8339"
"1630636221000","925090722343.9513"
"1630905002000","973421455523.8765"
"1631186561000","869913363315.0387"
"1631489513000","860017970711.3002"
"1631766640000","901719218615.4955"
"1632051298000","906025474958.8549"
"1632349004000","816205380421.4403"
"1632632609000","794743004894.9225"
"1632923699000","795554136345.5519"
"1633188060000","901526382580.2222"
"1633464738000","948561706654.2084"
"1633780298000","1033551691254.8636"
"1634064046000","1060322296812.3761"
"1634359584000","1159275632046.719"
"1634653291000","1174216800684.8213"
"1634927075000","1147494856375.3748"
"1635195079000","1186177333747.506"
"1635471640000","1147544261272.153"
"1635749998000","1140594234759.5076"
"1636028934000","1165729873941.1716"
"1636310383000","1172114839654.6143"
"1636601699000","1218140815111.3984"
"1636883337000","1219706758049.3132"
"1637165226000","1132603385484.577"
"1637468488000","1119263648469.8127"
"1637768742000","1062656031977.9735"
"1638089642000","1027450509718.8428"
"1638391963000","1091426195151.8737"
"1638665082000","928525942532.2535"
"1638924428000","954290796748.6992"
"1639191564000","903913168531.8677"
"1639484992000","913284613175.8931"
"1639798233000","883376669364.7993"
"1640096141000","886920592478.1587"
"1640374733000","960352478036.2837"
"1640674651000","958743311486.565"
"1640989438000","891571048203.5024"
"1641262650000","887722663949.815"
"1641551865000","815940014777.3462"
"1641852995000","792299310380.3774"
"1642123366000","823834393316.0753"
"1642378225000","816794967264.3253"
"1642649883000","792791941053.247"
"1642950428000","677054590356.202"
"1643246014000","696063371345.6409"
"1643538631000","720766748235.3108"
"1643830491000","709117442744.3453"
"1644140890000","788533515033.3843"
"1644436565000","838690594963.2948"
"1644708011000","800193402902.8745"
"1644971680000","837702910426.8707"
"1645262045000","763504256430.0913"
"1645562703000","718103030543.0204"
"1645878591000","740872788898.2773"
"1646169494000","830465170158.293"
"1646470877000","739807085554.9531"
"1646780165000","733440401387.7656"
"1647082423000","742788760229.1064"
"1647369139000","742338727299.4678"
"1647654156000","793712871143.028"
"1647924379000","800301903964.0205"
"1648218631000","848402966818.7648"
"1648500500000","907164092522.0646"
"1648796726000","848394951430.7422"
"1649099506000","866087317419.6359"
"1649396967000","828528167581.7767"
"1649702138000","774780410512.3413"
"1649996514000","761774394089.4156"
"1650289331000","742894682041.4882"
"1650574512000","787697540810.5314"
"1650846601000","752771941118.8226"
"1651119084000","750126291192.8711"
"1651411515000","722883463541.9904"
"1651687374000","740906208248.8773"
"1651977547000","671669634581.2543"
"1652253093000","594620042724.5994"
"1652554644000","556016757700.6141"
"1652855430000","572903972074.2618"
"1653184197000","560517916486.0886"
"1653501568000","564868656698.2504"
"1653801132000","551409317838.0243"
"1654091598000","602890640650.871"
"1654406179000","567062274693.4937"
"1654679694000","581194812302.5848"
"1654953880000","549951799688.5948"
"1655268063000","418132159659.14966"
"1655580127000","353136655563.0081"
"1655889168000","385840135604.2676"
"1656192015000","403176245035.51294"
"1656493082000","383359989952.3046"
"1656785442000","367924579184.1677"
"1657088761000","381024808508.3991"
"1657393729000","414952990644.6485"
"1657699580000","372013652360.6241"
"1658022079000","405809905783.3061"
"1658353737000","449194568797.1568"
"1658655429000","433625967030.7971"
"1658928592000","407201448594.107"
"1659227439000","453568229162.48706"
"1659516252000","439252175099.6802"
"1659810204000","442796602238.0026"
"1660095097000","441495864530.01685"
"1660387280000","469807862720.185"
"1660690500000","457482988232.38727"
"1660973307000","404149860339.16187"
"1661260477000","409405805317.6677"
"1661521268000","407802587133.23175"
"1661801236000","387299455236.84454"
"1662086470000","384122732525.0118"
"1662375172000","378063736014.0422"
"1662677203000","369311751296.68256"
"1662943839000","414318948150.54956"
"1663248330000","386244191659.7903"
"1663533164000","377086641495.9388"
"1663834017000","359261847658.9242"
"1664145028000","362479954340.5629"
"1664443055000","371212746228.8965"
"1664700718000","369985916481.95795"
"1664959192000","387031985200.9343"
"1665224650000","373863419846.08026"
"1665484573000","366093059834.05084"
"1665773054000","371143056187.5041"
"1666063126000","374997928375.78534"
"1666353000000","364485823742.7124"