x,y,
1.66E+12,2.4875,3/10/2022 13:00
1.66E+12,2.494618056,3/10/2022 13:30
1.66E+12,2.501388889,3/10/2022 14:00
1.66E+12,2.505208333,3/10/2022 14:30
1.66E+12,2.515104167,3/10/2022 15:00
1.66E+12,2.528125,3/10/2022 15:30
1.66E+12,2.536284722,3/10/2022 16:00
1.66E+12,2.546354167,3/10/2022 16:30
1.66E+12,2.559548611,3/10/2022 17:00
1.66E+12,2.575347222,3/10/2022 17:30
1.66E+12,2.589756944,3/10/2022 18:00
1.66E+12,2.599479167,3/10/2022 18:30
1.66E+12,2.618576389,3/10/2022 19:00
1.66E+12,2.635243056,3/10/2022 19:30
1.66E+12,2.654513889,3/10/2022 20:00
1.66E+12,2.684548611,3/10/2022 20:30
1.66E+12,2.705034722,3/10/2022 21:00
1.66E+12,2.729861111,3/10/2022 21:30
1.66E+12,2.761111111,3/10/2022 22:00
1.66E+12,2.783506944,3/10/2022 22:30
1.66E+12,2.810243056,3/10/2022 23:00
1.66E+12,2.834548611,3/10/2022 23:30
1.66E+12,2.864930556,4/10/2022 0:00
1.66E+12,2.895659722,4/10/2022 0:30
1.66E+12,2.922569444,4/10/2022 1:00
1.66E+12,2.945138889,4/10/2022 1:30
1.66E+12,2.965104167,4/10/2022 2:00
1.66E+12,2.989236111,4/10/2022 2:30
1.66E+12,3.011111111,4/10/2022 3:00
1.66E+12,3.036979167,4/10/2022 3:30
1.66E+12,3.055381944,4/10/2022 4:00
1.66E+12,3.077430556,4/10/2022 4:30
1.66E+12,3.101909722,4/10/2022 5:00
1.66E+12,3.1140625,4/10/2022 5:30
1.66E+12,3.129166667,4/10/2022 6:00
1.66E+12,3.143923611,4/10/2022 6:30
1.66E+12,3.161111111,4/10/2022 7:00
1.66E+12,3.175,4/10/2022 7:30
1.66E+12,3.188541667,4/10/2022 8:00
1.66E+12,3.199652778,4/10/2022 8:30
1.66E+12,3.205729167,4/10/2022 9:00
1.66E+12,3.209201389,4/10/2022 9:30
1.66E+12,3.214583333,4/10/2022 10:00
1.66E+12,3.220659722,4/10/2022 10:30
1.66E+12,3.225173611,4/10/2022 11:00
1.66E+12,3.225868056,4/10/2022 11:30
1.66E+12,3.230208333,4/10/2022 12:00
1.66E+12,3.230555556,4/10/2022 12:30
1.66E+12,3.228645833,4/10/2022 13:00
1.66E+12,3.228298611,4/10/2022 13:30
1.66E+12,3.230729167,4/10/2022 14:00
1.66E+12,3.234201389,4/10/2022 14:30
1.66E+12,3.240104167,4/10/2022 15:00
1.66E+12,3.245659722,4/10/2022 15:30
1.66E+12,3.253472222,4/10/2022 16:00
1.66E+12,3.252083333,4/10/2022 16:30
1.66E+12,3.259027778,4/10/2022 17:00
1.66E+12,3.266493056,4/10/2022 17:30
1.66E+12,3.279340278,4/10/2022 18:00
1.66E+12,3.293229167,4/10/2022 18:30
1.66E+12,3.300694444,4/10/2022 19:00
1.66E+12,3.303298611,4/10/2022 19:30
1.66E+12,3.305555556,4/10/2022 20:00
1.66E+12,3.298090278,4/10/2022 20:30
1.66E+12,3.299131944,4/10/2022 21:00
1.66E+12,3.299652778,4/10/2022 21:30
1.66E+12,3.294965278,4/10/2022 22:00
1.66E+12,3.300520833,4/10/2022 22:30
1.66E+12,3.301041667,4/10/2022 23:00
1.66E+12,3.29375,4/10/2022 23:30
1.66E+12,3.291319444,5/10/2022 0:00
1.66E+12,3.288888889,5/10/2022 0:30
1.66E+12,3.286284722,5/10/2022 1:00
1.66E+12,3.279340278,5/10/2022 1:30
1.66E+12,3.280381944,5/10/2022 2:00
1.66E+12,3.266666667,5/10/2022 2:30
1.66E+12,3.261284722,5/10/2022 3:00
1.66E+12,3.252083333,5/10/2022 3:30
1.66E+12,3.250868056,5/10/2022 4:00
1.66E+12,3.245659722,5/10/2022 4:30
1.66E+12,3.241145833,5/10/2022 5:00
1.66E+12,3.240625,5/10/2022 5:30
1.66E+12,3.237847222,5/10/2022 6:00
1.66E+12,3.2296875,5/10/2022 6:30
1.66E+12,3.234895833,5/10/2022 7:00
1.66E+12,3.231944444,5/10/2022 7:30
1.66E+12,3.225520833,5/10/2022 8:00
1.66E+12,3.221875,5/10/2022 8:30
1.66E+12,3.228472222,5/10/2022 9:00
1.66E+12,3.236284722,5/10/2022 9:30
1.66E+12,3.240277778,5/10/2022 10:00
1.66E+12,3.238888889,5/10/2022 10:30
1.66E+12,3.239930556,5/10/2022 11:00
1.66E+12,3.242013889,5/10/2022 11:30
1.66E+12,3.239409722,5/10/2022 12:00
1.66E+12,3.239930556,5/10/2022 12:30
1.66E+12,3.2421875,5/10/2022 13:00
1.66E+12,3.242881944,5/10/2022 13:30
1.66E+12,3.243576389,5/10/2022 14:00
1.66E+12,3.245138889,5/10/2022 14:30
1.66E+12,3.241666667,5/10/2022 15:00
1.66E+12,3.240451389,5/10/2022 15:30
1.66E+12,3.241319444,5/10/2022 16:00
1.66E+12,3.244097222,5/10/2022 16:30
1.66E+12,3.2375,5/10/2022 17:00
1.66E+12,3.230555556,5/10/2022 17:30
1.66E+12,3.223263889,5/10/2022 18:00
1.66E+12,3.215451389,5/10/2022 18:30
1.66E+12,3.204340278,5/10/2022 19:00
1.66E+12,3.197222222,5/10/2022 19:30
1.66E+12,3.194791667,5/10/2022 20:00
1.66E+12,3.193055556,5/10/2022 20:30
1.66E+12,3.185763889,5/10/2022 21:00
1.66E+12,3.174305556,5/10/2022 21:30
1.66E+12,3.171180556,5/10/2022 22:00
1.66E+12,3.158506944,5/10/2022 22:30
1.66E+12,3.152777778,5/10/2022 23:00
1.66E+12,3.153472222,5/10/2022 23:30
1.66E+12,3.144791667,6/10/2022 0:00
1.66E+12,3.138715278,6/10/2022 0:30
1.66E+12,3.132986111,6/10/2022 1:00
1.66E+12,3.133680556,6/10/2022 1:30
1.66E+12,3.127083333,6/10/2022 2:00
1.66E+12,3.138194444,6/10/2022 2:30
1.67E+12,3.135763889,6/10/2022 3:00
1.67E+12,3.130902778,6/10/2022 3:30
1.67E+12,3.136284722,6/10/2022 4:00
1.67E+12,3.125694444,6/10/2022 4:30
1.67E+12,3.117013889,6/10/2022 5:00
1.67E+12,3.117013889,6/10/2022 5:30
1.67E+12,3.111805556,6/10/2022 6:00
1.67E+12,3.110416667,6/10/2022 6:30
1.67E+12,3.101388889,6/10/2022 7:00
1.67E+12,3.097743056,6/10/2022 7:30
1.67E+12,3.103645833,6/10/2022 8:00
1.67E+12,3.108854167,6/10/2022 8:30
1.67E+12,3.110069444,6/10/2022 9:00
1.67E+12,3.110763889,6/10/2022 9:30
1.67E+12,3.110416667,6/10/2022 10:00
1.67E+12,3.113888889,6/10/2022 10:30
1.67E+12,3.110763889,6/10/2022 11:00
1.67E+12,3.114756944,6/10/2022 11:30
1.67E+12,3.115798611,6/10/2022 12:00
1.67E+12,3.117708333,6/10/2022 12:30
1.67E+12,3.11875,6/10/2022 13:00
1.67E+12,3.124305556,6/10/2022 13:30
1.67E+12,3.126388889,6/10/2022 14:00
1.67E+12,3.130034722,6/10/2022 14:30
1.67E+12,3.128819444,6/10/2022 15:00
1.67E+12,3.125694444,6/10/2022 15:30
1.67E+12,3.124826389,6/10/2022 16:00
1.67E+12,3.120833333,6/10/2022 16:30
1.67E+12,3.125520833,6/10/2022 17:00
1.67E+12,3.130902778,6/10/2022 17:30
1.67E+12,3.132118056,6/10/2022 18:00
1.67E+12,3.136111111,6/10/2022 18:30
1.67E+12,3.139236111,6/10/2022 19:00
1.67E+12,3.144444444,6/10/2022 19:30
1.67E+12,3.144097222,6/10/2022 20:00
1.67E+12,3.148090278,6/10/2022 20:30
1.67E+12,3.157118056,6/10/2022 21:00
1.67E+12,3.162326389,6/10/2022 21:30
1.67E+12,3.162847222,6/10/2022 22:00
1.67E+12,3.170138889,6/10/2022 22:30
1.67E+12,3.178472222,6/10/2022 23:00
1.67E+12,3.181423611,6/10/2022 23:30
1.67E+12,3.180902778,7/10/2022 0:00
1.67E+12,3.184375,7/10/2022 0:30
1.67E+12,3.182986111,7/10/2022 1:00
1.67E+12,3.186458333,7/10/2022 1:30
1.67E+12,3.188541667,7/10/2022 2:00
1.67E+12,3.183159722,7/10/2022 2:30
1.67E+12,3.189756944,7/10/2022 3:00
1.67E+12,3.194618056,7/10/2022 3:30
1.67E+12,3.187326389,7/10/2022 4:00
1.67E+12,3.190625,7/10/2022 4:30
1.67E+12,3.1921875,7/10/2022 5:00
1.67E+12,3.189236111,7/10/2022 5:30
1.67E+12,3.196701389,7/10/2022 6:00
1.67E+12,3.195486111,7/10/2022 6:30
1.67E+12,3.198090278,7/10/2022 7:00
1.67E+12,3.198611111,7/10/2022 7:30
1.67E+12,3.194444444,7/10/2022 8:00
1.67E+12,3.183506944,7/10/2022 8:30
1.67E+12,3.177777778,7/10/2022 9:00
1.67E+12,3.174479167,7/10/2022 9:30
1.67E+12,3.1734375,7/10/2022 10:00
1.67E+12,3.167708333,7/10/2022 10:30
1.67E+12,3.161805556,7/10/2022 11:00
1.67E+12,3.155208333,7/10/2022 11:30
1.67E+12,3.151041667,7/10/2022 12:00
1.67E+12,3.147569444,7/10/2022 12:30
1.67E+12,3.144791667,7/10/2022 13:00
1.67E+12,3.141145833,7/10/2022 13:30
1.67E+12,3.133506944,7/10/2022 14:00
1.67E+12,3.126041667,7/10/2022 14:30
1.67E+12,3.125347222,7/10/2022 15:00
1.67E+12,3.122222222,7/10/2022 15:30
1.67E+12,3.119097222,7/10/2022 16:00
1.67E+12,3.122569444,7/10/2022 16:30
1.67E+12,3.119618056,7/10/2022 17:00
1.67E+12,3.114756944,7/10/2022 17:30
1.67E+12,3.110416667,7/10/2022 18:00
1.67E+12,3.113368056,7/10/2022 18:30
1.67E+12,3.114409722,7/10/2022 19:00
1.67E+12,3.113194444,7/10/2022 19:30
1.67E+12,3.115625,7/10/2022 20:00
1.67E+12,3.115972222,7/10/2022 20:30
1.67E+12,3.115625,7/10/2022 21:00
1.67E+12,3.120138889,7/10/2022 21:30
1.67E+12,3.117361111,7/10/2022 22:00
1.67E+12,3.115538194,7/10/2022 22:30
1.67E+12,3.115711806,7/10/2022 23:00
1.67E+12,3.115190972,7/10/2022 23:30
1.67E+12,3.124045139,8/10/2022 0:00
1.67E+12,3.121961806,8/10/2022 0:30
1.67E+12,3.124045139,8/10/2022 1:00
1.67E+12,3.12421875,8/10/2022 1:30
1.67E+12,3.121788194,8/10/2022 2:00
1.67E+12,3.11640625,8/10/2022 2:30
1.67E+12,3.11328125,8/10/2022 3:00
1.67E+12,3.105989583,8/10/2022 3:30
1.67E+12,3.101822917,8/10/2022 4:00
1.67E+12,3.098871528,8/10/2022 4:30
1.67E+12,3.104253472,8/10/2022 5:00
1.67E+12,3.108940972,8/10/2022 5:30
1.67E+12,3.103732639,8/10/2022 6:00
1.67E+12,3.107204861,8/10/2022 6:30
1.67E+12,3.104600694,8/10/2022 7:00
1.67E+12,3.106336806,8/10/2022 7:30
1.67E+12,3.110329861,8/10/2022 8:00
1.67E+12,3.116927083,8/10/2022 8:30
1.67E+12,3.123003472,8/10/2022 9:00
1.67E+12,3.123003472,8/10/2022 9:30
1.67E+12,3.121440972,8/10/2022 10:00
1.67E+12,3.122482639,8/10/2022 10:30
1.67E+12,3.128211806,8/10/2022 11:00
1.67E+12,3.126822917,8/10/2022 11:30
1.67E+12,3.127864583,8/10/2022 12:00
1.67E+12,3.129774306,8/10/2022 12:30
1.67E+12,3.124392361,8/10/2022 13:00
1.67E+12,3.119878472,8/10/2022 13:30
1.67E+12,3.123871528,8/10/2022 14:00
1.67E+12,3.120572917,8/10/2022 14:30
1.67E+12,3.118663194,8/10/2022 15:00
1.67E+12,3.118836806,8/10/2022 15:30
1.67E+12,3.114149306,8/10/2022 16:00
1.67E+12,3.106163194,8/10/2022 16:30
1.67E+12,3.094357639,8/10/2022 17:00
1.67E+12,3.084288194,8/10/2022 17:30
1.67E+12,3.07734375,8/10/2022 18:00
1.67E+12,3.059635417,8/10/2022 18:30
1.67E+12,3.046614583,8/10/2022 19:00
1.67E+12,3.032725694,8/10/2022 19:30
1.67E+12,3.020225694,8/10/2022 20:00
1.67E+12,3.005295139,8/10/2022 20:30
1.67E+12,2.987586806,8/10/2022 21:00
1.67E+12,2.970052083,8/10/2022 21:30
1.67E+12,2.957204861,8/10/2022 22:00
1.67E+12,2.943229167,8/10/2022 22:30
1.67E+12,2.919618056,8/10/2022 23:00
1.67E+12,2.906944444,8/10/2022 23:30
1.67E+12,2.8921875,9/10/2022 0:00
1.67E+12,2.879513889,9/10/2022 0:30
1.67E+12,2.861284722,9/10/2022 1:00
1.67E+12,2.850694444,9/10/2022 1:30
1.67E+12,2.8390625,9/10/2022 2:00
1.67E+12,2.828125,9/10/2022 2:30
1.67E+12,2.81875,9/10/2022 3:00
1.67E+12,2.816840278,9/10/2022 3:30
1.67E+12,2.806770833,9/10/2022 4:00
1.67E+12,2.800868056,9/10/2022 4:30
1.67E+12,2.787847222,9/10/2022 5:00
1.67E+12,2.772916667,9/10/2022 5:30
1.67E+12,2.768055556,9/10/2022 6:00
1.67E+12,2.764409722,9/10/2022 6:30
1.67E+12,2.758680556,9/10/2022 7:00
1.67E+12,2.753125,9/10/2022 7:30
1.67E+12,2.742881944,9/10/2022 8:00
1.67E+12,2.734722222,9/10/2022 8:30
1.67E+12,2.722743056,9/10/2022 9:00
1.67E+12,2.710590278,9/10/2022 9:30
1.67E+12,2.703298611,9/10/2022 10:00
1.67E+12,2.699131944,9/10/2022 10:30
1.67E+12,2.693402778,9/10/2022 11:00
1.67E+12,2.688541667,9/10/2022 11:30
1.67E+12,2.683680556,9/10/2022 12:00
1.67E+12,2.676736111,9/10/2022 12:30
1.67E+12,2.675868056,9/10/2022 13:00
1.67E+12,2.670486111,9/10/2022 13:30
1.67E+12,2.659027778,9/10/2022 14:00
1.67E+12,2.650173611,9/10/2022 14:30
1.67E+12,2.642361111,9/10/2022 15:00
1.67E+12,2.634027778,9/10/2022 15:30
1.67E+12,2.623958333,9/10/2022 16:00
1.67E+12,2.616493056,9/10/2022 16:30
1.67E+12,2.608506944,9/10/2022 17:00
1.67E+12,2.5984375,9/10/2022 17:30
1.67E+12,2.590798611,9/10/2022 18:00
1.67E+12,2.588888889,9/10/2022 18:30
1.67E+12,2.5859375,9/10/2022 19:00
1.67E+12,2.583333333,9/10/2022 19:30
1.67E+12,2.578125,9/10/2022 20:00
1.67E+12,2.571180556,9/10/2022 20:30
1.67E+12,2.561111111,9/10/2022 21:00
1.67E+12,2.556423611,9/10/2022 21:30
1.67E+12,2.551909722,9/10/2022 22:00
1.67E+12,2.544097222,9/10/2022 22:30
1.67E+12,2.5390625,9/10/2022 23:00
1.67E+12,2.528819444,9/10/2022 23:30
1.67E+12,2.525,10/10/2022 0:00
1.67E+12,2.523263889,10/10/2022 0:30
1.67E+12,2.529513889,10/10/2022 1:00
1.67E+12,2.5203125,10/10/2022 1:30
1.67E+12,2.515104167,10/10/2022 2:00
1.67E+12,2.508506944,10/10/2022 2:30
1.67E+12,2.507465278,10/10/2022 3:00
1.67E+12,2.5046875,10/10/2022 3:30
1.67E+12,2.500347222,10/10/2022 4:00
1.67E+12,2.5015625,10/10/2022 4:30
1.67E+12,2.500868056,10/10/2022 5:00
1.67E+12,2.4953125,10/10/2022 5:30
1.67E+12,2.487152778,10/10/2022 6:00
1.67E+12,2.475,10/10/2022 6:30
1.67E+12,2.466319444,10/10/2022 7:00
1.67E+12,2.459895833,10/10/2022 7:30
1.67E+12,2.453645833,10/10/2022 8:00
1.67E+12,2.450347222,10/10/2022 8:30
1.67E+12,2.443055556,10/10/2022 9:00
1.67E+12,2.441493056,10/10/2022 9:30
1.67E+12,2.434722222,10/10/2022 10:00
1.67E+12,2.429340278,10/10/2022 10:30
1.67E+12,2.427604167,10/10/2022 11:00
1.67E+12,2.4265625,10/10/2022 11:30
1.67E+12,2.427256944,10/10/2022 12:00
1.67E+12,2.430034722,10/10/2022 12:30
1.67E+12,2.433333333,10/10/2022 13:00
1.67E+12,2.435416667,10/10/2022 13:30
1.67E+12,2.442708333,10/10/2022 14:00
1.67E+12,2.450347222,10/10/2022 14:30
1.67E+12,2.454513889,10/10/2022 15:00
1.67E+12,2.457291667,10/10/2022 15:30
1.67E+12,2.468055556,10/10/2022 16:00
1.67E+12,2.486631944,10/10/2022 16:30
1.67E+12,2.511111111,10/10/2022 17:00
1.67E+12,2.535243056,10/10/2022 17:30
1.67E+12,2.553125,10/10/2022 18:00
1.67E+12,2.570486111,10/10/2022 18:30
1.67E+12,2.586979167,10/10/2022 19:00
1.67E+12,2.6,10/10/2022 19:30
1.67E+12,2.615104167,10/10/2022 20:00
1.67E+12,2.631423611,10/10/2022 20:30
1.67E+12,2.650868056,10/10/2022 21:00
1.67E+12,2.666840278,10/10/2022 21:30
1.67E+12,2.683333333,10/10/2022 22:00
1.67E+12,2.694965278,10/10/2022 22:30
1.67E+12,2.717013889,10/10/2022 23:00
1.67E+12,2.743055556,10/10/2022 23:30
1.67E+12,2.757291667,11/10/2022 0:00
1.67E+12,2.764236111,11/10/2022 0:30
1.67E+12,2.775,11/10/2022 1:00
1.67E+12,2.789409722,11/10/2022 1:30
1.67E+12,2.810590278,11/10/2022 2:00
1.67E+12,2.837152778,11/10/2022 2:30
1.67E+12,2.849131944,11/10/2022 3:00
1.67E+12,2.854340278,11/10/2022 3:30
1.67E+12,2.871875,11/10/2022 4:00
1.67E+12,2.876388889,11/10/2022 4:30
1.67E+12,2.882638889,11/10/2022 5:00
1.67E+12,2.898090278,11/10/2022 5:30
1.67E+12,2.907638889,11/10/2022 6:00
1.67E+12,2.924479167,11/10/2022 6:30
1.67E+12,2.939236111,11/10/2022 7:00
1.67E+12,2.941493056,11/10/2022 7:30
1.67E+12,2.959201389,11/10/2022 8:00
1.67E+12,2.974131944,11/10/2022 8:30
1.67E+12,2.989236111,11/10/2022 9:00
1.67E+12,2.997222222,11/10/2022 9:30
1.67E+12,3.009895833,11/10/2022 10:00
1.67E+12,3.021354167,11/10/2022 10:30
1.67E+12,3.025520833,11/10/2022 11:00
1.67E+12,3.035763889,11/10/2022 11:30
1.67E+12,3.039409722,11/10/2022 12:00
1.67E+12,3.042361111,11/10/2022 12:30
1.67E+12,3.048958333,11/10/2022 13:00
1.67E+12,3.055381944,11/10/2022 13:30
1.67E+12,3.056597222,11/10/2022 14:00
1.67E+12,3.067361111,11/10/2022 14:30
1.67E+12,3.070138889,11/10/2022 15:00
1.67E+12,3.072743056,11/10/2022 15:30
1.67E+12,3.074652778,11/10/2022 16:00
1.67E+12,3.075173611,11/10/2022 16:30
1.67E+12,3.072222222,11/10/2022 17:00
1.67E+12,3.070138889,11/10/2022 17:30
1.67E+12,3.072743056,11/10/2022 18:00
1.67E+12,3.071701389,11/10/2022 18:30
1.67E+12,3.072916667,11/10/2022 19:00
1.67E+12,3.072916667,11/10/2022 19:30
1.67E+12,3.069270833,11/10/2022 20:00
1.67E+12,3.0734375,11/10/2022 20:30
1.67E+12,3.078472222,11/10/2022 21:00
1.67E+12,3.074826389,11/10/2022 21:30
1.67E+12,3.078819444,11/10/2022 22:00
1.67E+12,3.086805556,11/10/2022 22:30
1.67E+12,3.089756944,11/10/2022 23:00
1.67E+12,3.089756944,11/10/2022 23:30
1.67E+12,3.084895833,12/10/2022 0:00
1.67E+12,3.099479167,12/10/2022 0:30
1.67E+12,3.0953125,12/10/2022 1:00
1.67E+12,3.1046875,12/10/2022 1:30
1.67E+12,3.107465278,12/10/2022 2:00
1.67E+12,3.106423611,12/10/2022 2:30
1.67E+12,3.106076389,12/10/2022 3:00
1.67E+12,3.112326389,12/10/2022 3:30
1.67E+12,3.106076389,12/10/2022 4:00
1.67E+12,3.103819444,12/10/2022 4:30
1.67E+12,3.100868056,12/10/2022 5:00
1.67E+12,3.099131944,12/10/2022 5:30
1.67E+12,3.105555556,12/10/2022 6:00
1.67E+12,3.103298611,12/10/2022 6:30
1.67E+12,3.103472222,12/10/2022 7:00
1.67E+12,3.110763889,12/10/2022 7:30
1.67E+12,3.104166667,12/10/2022 8:00
1.67E+12,3.096875,12/10/2022 8:30
1.67E+12,3.087673611,12/10/2022 9:00
1.67E+12,3.090972222,12/10/2022 9:30
1.67E+12,3.0921875,12/10/2022 10:00
1.67E+12,3.093576389,12/10/2022 10:30
1.67E+12,3.096006944,12/10/2022 11:00
1.67E+12,3.093923611,12/10/2022 11:30
1.67E+12,3.101041667,12/10/2022 12:00
1.67E+12,3.104340278,12/10/2022 12:30
1.67E+12,3.100520833,12/10/2022 13:00
1.67E+12,3.100520833,12/10/2022 13:30
1.67E+12,3.105555556,12/10/2022 14:00
1.67E+12,3.106076389,12/10/2022 14:30
1.67E+12,3.115451389,12/10/2022 15:00
1.67E+12,3.120486111,12/10/2022 15:30
1.67E+12,3.125694444,12/10/2022 16:00
1.67E+12,3.123958333,12/10/2022 16:30
1.67E+12,3.121701389,12/10/2022 17:00
1.67E+12,3.115277778,12/10/2022 17:30
1.67E+12,3.108159722,12/10/2022 18:00
1.67E+12,3.106944444,12/10/2022 18:30
1.67E+12,3.103993056,12/10/2022 19:00
1.67E+12,3.10625,12/10/2022 19:30
1.67E+12,3.106770833,12/10/2022 20:00
1.67E+12,3.1046875,12/10/2022 20:30
1.67E+12,3.102604167,12/10/2022 21:00
1.67E+12,3.103993056,12/10/2022 21:30
1.67E+12,3.101909722,12/10/2022 22:00
1.67E+12,3.108159722,12/10/2022 22:30
1.67E+12,3.103125,12/10/2022 23:00
1.67E+12,3.102951389,12/10/2022 23:30
1.67E+12,3.110243056,13/10/2022 0:00
1.67E+12,3.100520833,13/10/2022 0:30
1.67E+12,3.1046875,13/10/2022 1:00
1.67E+12,3.0953125,13/10/2022 1:30
1.67E+12,3.1015625,13/10/2022 2:00
1.67E+12,3.099305556,13/10/2022 2:30
1.67E+12,3.097569444,13/10/2022 3:00
1.67E+12,3.104861111,13/10/2022 3:30
1.67E+12,3.115625,13/10/2022 4:00
1.67E+12,3.119791667,13/10/2022 4:30
1.67E+12,3.1234375,13/10/2022 5:00
1.67E+12,3.124826389,13/10/2022 5:30
1.67E+12,3.115625,13/10/2022 6:00
1.67E+12,3.111631944,13/10/2022 6:30
1.67E+12,3.109027778,13/10/2022 7:00
1.67E+12,3.1078125,13/10/2022 7:30
1.67E+12,3.113715278,13/10/2022 8:00
1.67E+12,3.115277778,13/10/2022 8:30
1.67E+12,3.122048611,13/10/2022 9:00
1.67E+12,3.117361111,13/10/2022 9:30
1.67E+12,3.1171875,13/10/2022 10:00
1.67E+12,3.109722222,13/10/2022 10:30
1.67E+12,3.105729167,13/10/2022 11:00
1.67E+12,3.10625,13/10/2022 11:30
1.67E+12,3.104513889,13/10/2022 12:00
1.67E+12,3.094618056,13/10/2022 12:30
1.67E+12,3.094444444,13/10/2022 13:00
1.67E+12,3.099479167,13/10/2022 13:30
1.67E+12,3.103819444,13/10/2022 14:00
1.67E+12,3.104513889,13/10/2022 14:30
1.67E+12,3.099826389,13/10/2022 15:00
1.67E+12,3.103472222,13/10/2022 15:30
1.67E+12,3.103819444,13/10/2022 16:00
1.67E+12,3.099652778,13/10/2022 16:30
1.67E+12,3.097569444,13/10/2022 17:00
1.67E+12,3.102083333,13/10/2022 17:30
1.67E+12,3.103819444,13/10/2022 18:00
1.67E+12,3.1,13/10/2022 18:30
1.67E+12,3.100520833,13/10/2022 19:00
1.67E+12,3.103298611,13/10/2022 19:30
1.67E+12,3.108506944,13/10/2022 20:00
1.67E+12,3.105034722,13/10/2022 20:30
1.67E+12,3.116493056,13/10/2022 21:00
1.67E+12,3.126909722,13/10/2022 21:30
1.67E+12,3.125520833,13/10/2022 22:00
1.67E+12,3.122222222,13/10/2022 22:30
1.67E+12,3.128993056,13/10/2022 23:00
1.67E+12,3.122048611,13/10/2022 23:30
1.67E+12,3.123090278,14/10/2022 0:00
1.67E+12,3.130208333,14/10/2022 0:30
1.67E+12,3.135590278,14/10/2022 1:00
1.67E+12,3.142361111,14/10/2022 1:30
1.67E+12,3.1359375,14/10/2022 2:00
1.67E+12,3.134722222,14/10/2022 2:30
1.67E+12,3.136979167,14/10/2022 3:00
1.67E+12,3.137326389,14/10/2022 3:30
1.67E+12,3.137847222,14/10/2022 4:00
1.67E+12,3.141493056,14/10/2022 4:30
1.67E+12,3.155381944,14/10/2022 5:00
1.67E+12,3.159722222,14/10/2022 5:30
1.67E+12,3.172222222,14/10/2022 6:00
1.67E+12,3.175,14/10/2022 6:30
1.67E+12,3.178125,14/10/2022 7:00
1.67E+12,3.185763889,14/10/2022 7:30
1.67E+12,3.184722222,14/10/2022 8:00
1.67E+12,3.189583333,14/10/2022 8:30
1.67E+12,3.196354167,14/10/2022 9:00
1.67E+12,3.203819444,14/10/2022 9:30
1.67E+12,3.204513889,14/10/2022 10:00
1.67E+12,3.213715278,14/10/2022 10:30
1.67E+12,3.222743056,14/10/2022 11:00
1.67E+12,3.227083333,14/10/2022 11:30
1.67E+12,3.228645833,14/10/2022 12:00
1.67E+12,3.238194444,14/10/2022 12:30
1.67E+12,3.245659722,14/10/2022 13:00
1.67E+12,3.251215278,14/10/2022 13:30
1.67E+12,3.253993056,14/10/2022 14:00
1.67E+12,3.258159722,14/10/2022 14:30
1.67E+12,3.264930556,14/10/2022 15:00
1.67E+12,3.266319444,14/10/2022 15:30
1.67E+12,3.263541667,14/10/2022 16:00
1.67E+12,3.270833333,14/10/2022 16:30
1.67E+12,3.278472222,14/10/2022 17:00
1.67E+12,3.282118056,14/10/2022 17:30
1.67E+12,3.277777778,14/10/2022 18:00
1.67E+12,3.291493056,14/10/2022 18:30
1.67E+12,3.300868056,14/10/2022 19:00
1.67E+12,3.306423611,14/10/2022 19:30
1.67E+12,3.306770833,14/10/2022 20:00
1.67E+12,3.316666667,14/10/2022 20:30
1.67E+12,3.313368056,14/10/2022 21:00
1.67E+12,3.315798611,14/10/2022 21:30
1.67E+12,3.3265625,14/10/2022 22:00
1.67E+12,3.331076389,14/10/2022 22:30
1.67E+12,3.33125,14/10/2022 23:00
1.67E+12,3.341493056,14/10/2022 23:30
1.67E+12,3.343923611,15/10/2022 0:00
1.67E+12,3.35,15/10/2022 0:30
1.67E+12,3.351388889,15/10/2022 1:00
1.67E+12,3.344444444,15/10/2022 1:30
1.67E+12,3.348784722,15/10/2022 2:00
1.67E+12,3.348263889,15/10/2022 2:30
1.67E+12,3.346527778,15/10/2022 3:00
1.67E+12,3.3375,15/10/2022 3:30
1.67E+12,3.336805556,15/10/2022 4:00
1.67E+12,3.340451389,15/10/2022 4:30
1.67E+12,3.333854167,15/10/2022 5:00
1.67E+12,3.340277778,15/10/2022 5:30
1.67E+12,3.333680556,15/10/2022 6:00
1.67E+12,3.344097222,15/10/2022 6:30
1.67E+12,3.350694444,15/10/2022 7:00
1.67E+12,3.34375,15/10/2022 7:30
1.67E+12,3.347395833,15/10/2022 8:00
1.67E+12,3.346701389,15/10/2022 8:30
1.67E+12,3.344965278,15/10/2022 9:00
1.67E+12,3.339236111,15/10/2022 9:30
1.67E+12,3.336111111,15/10/2022 10:00
1.67E+12,3.328125,15/10/2022 10:30
1.67E+12,3.325,15/10/2022 11:00
1.67E+12,3.322048611,15/10/2022 11:30
1.67E+12,3.315798611,15/10/2022 12:00
1.67E+12,3.309201389,15/10/2022 12:30
1.67E+12,3.297916667,15/10/2022 13:00
1.67E+12,3.288368056,15/10/2022 13:30
1.67E+12,3.280381944,15/10/2022 14:00
1.67E+12,3.269270833,15/10/2022 14:30
1.67E+12,3.256076389,15/10/2022 15:00
1.67E+12,3.243576389,15/10/2022 15:30
1.67E+12,3.238541667,15/10/2022 16:00
1.67E+12,3.229340278,15/10/2022 16:30
1.67E+12,3.216493056,15/10/2022 17:00
1.67E+12,3.206076389,15/10/2022 17:30
1.67E+12,3.213020833,15/10/2022 18:00
1.67E+12,3.192534722,15/10/2022 18:30
1.67E+12,3.171354167,15/10/2022 19:00
1.67E+12,3.158854167,15/10/2022 19:30
1.67E+12,3.147395833,15/10/2022 20:00
1.67E+12,3.126215278,15/10/2022 20:30
1.67E+12,3.103993056,15/10/2022 21:00
1.67E+12,3.087152778,15/10/2022 21:30
1.67E+12,3.065798611,15/10/2022 22:00
1.67E+12,3.04375,15/10/2022 22:30
1.67E+12,3.0234375,15/10/2022 23:00
1.67E+12,3.005902778,15/10/2022 23:30
1.67E+12,2.986631944,16/10/2022 0:00
1.67E+12,2.967361111,16/10/2022 0:30
1.67E+12,2.952777778,16/10/2022 1:00
1.67E+12,2.941666667,16/10/2022 1:30
1.67E+12,2.923611111,16/10/2022 2:00
1.67E+12,2.9078125,16/10/2022 2:30
1.67E+12,2.894965278,16/10/2022 3:00
1.67E+12,2.885069444,16/10/2022 3:30
1.67E+12,2.869618056,16/10/2022 4:00
1.67E+12,2.855034722,16/10/2022 4:30
1.67E+12,2.842013889,16/10/2022 5:00
1.67E+12,2.8234375,16/10/2022 5:30
1.67E+12,2.817881944,16/10/2022 6:00
1.67E+12,2.807291667,16/10/2022 6:30
1.67E+12,2.794618056,16/10/2022 7:00
1.67E+12,2.791666667,16/10/2022 7:30
1.67E+12,2.782118056,16/10/2022 8:00
1.67E+12,2.775694444,16/10/2022 8:30
1.67E+12,2.767708333,16/10/2022 9:00
1.67E+12,2.766493056,16/10/2022 9:30
1.67E+12,2.7640625,16/10/2022 10:00
1.67E+12,2.767013889,16/10/2022 10:30
1.67E+12,2.764930556,16/10/2022 11:00
1.67E+12,2.757118056,16/10/2022 11:30
1.67E+12,2.753298611,16/10/2022 12:00
1.67E+12,2.7546875,16/10/2022 12:30
1.67E+12,2.755034722,16/10/2022 13:00
1.67E+12,2.747395833,16/10/2022 13:30
1.67E+12,2.742708333,16/10/2022 14:00
1.67E+12,2.736111111,16/10/2022 14:30
1.67E+12,2.736111111,16/10/2022 15:00
1.67E+12,2.733854167,16/10/2022 15:30
1.67E+12,2.726909722,16/10/2022 16:00
1.67E+12,2.719618056,16/10/2022 16:30
1.67E+12,2.712673611,16/10/2022 17:00
1.67E+12,2.705381944,16/10/2022 17:30
1.67E+12,2.688194444,16/10/2022 18:00
1.67E+12,2.680034722,16/10/2022 18:30
1.67E+12,2.6765625,16/10/2022 19:00
1.67E+12,2.661111111,16/10/2022 19:30
1.67E+12,2.65,16/10/2022 20:00
1.67E+12,2.642881944,16/10/2022 20:30
1.67E+12,2.634722222,16/10/2022 21:00
1.67E+12,2.623090278,16/10/2022 21:30
1.67E+12,2.613715278,16/10/2022 22:00
1.67E+12,2.609895833,16/10/2022 22:30
1.67E+12,2.601388889,16/10/2022 23:00
1.67E+12,2.593055556,16/10/2022 23:30
1.67E+12,2.582465278,17/10/2022 0:00
1.67E+12,2.572916667,17/10/2022 0:30
1.67E+12,2.560590278,17/10/2022 1:00
1.67E+12,2.55,17/10/2022 1:30
1.67E+12,2.546180556,17/10/2022 2:00
1.67E+12,2.549826389,17/10/2022 2:30
1.67E+12,2.543576389,17/10/2022 3:00
1.67E+12,2.53125,17/10/2022 3:30
1.67E+12,2.527604167,17/10/2022 4:00
1.67E+12,2.524131944,17/10/2022 4:30
1.67E+12,2.515104167,17/10/2022 5:00
1.67E+12,2.5109375,17/10/2022 5:30
1.67E+12,2.503645833,17/10/2022 6:00
1.67E+12,2.496180556,17/10/2022 6:30
1.67E+12,2.493055556,17/10/2022 7:00
1.67E+12,2.491145833,17/10/2022 7:30
1.67E+12,2.489409722,17/10/2022 8:00
1.67E+12,2.485416667,17/10/2022 8:30
1.67E+12,2.483333333,17/10/2022 9:00
1.67E+12,2.478645833,17/10/2022 9:30
1.67E+12,2.476041667,17/10/2022 10:00
1.67E+12,2.472743056,17/10/2022 10:30
1.67E+12,2.469270833,17/10/2022 11:00
1.67E+12,2.470833333,17/10/2022 11:30
1.67E+12,2.476041667,17/10/2022 12:00
1.67E+12,2.480381944,17/10/2022 12:30
1.67E+12,2.484375,17/10/2022 13:00
1.67E+12,2.491145833,17/10/2022 13:30
1.67E+12,2.490451389,17/10/2022 14:00
1.67E+12,2.498611111,17/10/2022 14:30
1.67E+12,2.500694444,17/10/2022 15:00
1.67E+12,2.507118056,17/10/2022 15:30
1.67E+12,2.512326389,17/10/2022 16:00
1.67E+12,2.515798611,17/10/2022 16:30
1.67E+12,2.530729167,17/10/2022 17:00
1.67E+12,2.542881944,17/10/2022 17:30
1.67E+12,2.564583333,17/10/2022 18:00
1.67E+12,2.5796875,17/10/2022 18:30
1.67E+12,2.591145833,17/10/2022 19:00
1.67E+12,2.608506944,17/10/2022 19:30
1.67E+12,2.632986111,17/10/2022 20:00
1.67E+12,2.652083333,17/10/2022 20:30
1.67E+12,2.6703125,17/10/2022 21:00
1.67E+12,2.691840278,17/10/2022 21:30
1.67E+12,2.706597222,17/10/2022 22:00
1.67E+12,2.730555556,17/10/2022 22:30
1.67E+12,2.761111111,17/10/2022 23:00
1.67E+12,2.785590278,17/10/2022 23:30
1.67E+12,2.813368056,18/10/2022 0:00
1.67E+12,2.834722222,18/10/2022 0:30
1.67E+12,2.854513889,18/10/2022 1:00
1.67E+12,2.878993056,18/10/2022 1:30
1.67E+12,2.884722222,18/10/2022 2:00
1.67E+12,2.886979167,18/10/2022 2:30
1.67E+12,2.903819444,18/10/2022 3:00
1.67E+12,2.934027778,18/10/2022 3:30
1.67E+12,2.947395833,18/10/2022 4:00
1.67E+12,2.965451389,18/10/2022 4:30
1.67E+12,2.987847222,18/10/2022 5:00
1.67E+12,3.003125,18/10/2022 5:30
1.67E+12,3.018055556,18/10/2022 6:00
1.67E+12,3.032986111,18/10/2022 6:30
1.67E+12,3.042881944,18/10/2022 7:00
1.67E+12,3.049305556,18/10/2022 7:30
1.67E+12,3.049305556,18/10/2022 8:00
1.67E+12,3.051215278,18/10/2022 8:30
1.67E+12,3.059548611,18/10/2022 9:00
1.67E+12,3.063541667,18/10/2022 9:30
1.67E+12,3.068923611,18/10/2022 10:00
1.67E+12,3.069097222,18/10/2022 10:30
1.67E+12,3.076041667,18/10/2022 11:00
1.67E+12,3.082291667,18/10/2022 11:30
1.67E+12,3.083159722,18/10/2022 12:00
1.67E+12,3.0796875,18/10/2022 12:30
1.67E+12,3.084895833,18/10/2022 13:00
1.67E+12,3.084895833,18/10/2022 13:30
1.67E+12,3.091319444,18/10/2022 14:00
1.67E+12,3.0921875,18/10/2022 14:30
1.67E+12,3.096701389,18/10/2022 15:00
1.67E+12,3.100694444,18/10/2022 15:30
1.67E+12,3.107986111,18/10/2022 16:00
1.67E+12,3.116319444,18/10/2022 16:30
1.67E+12,3.1171875,18/10/2022 17:00
1.67E+12,3.116493056,18/10/2022 17:30
1.67E+12,3.111979167,18/10/2022 18:00
1.67E+12,3.1125,18/10/2022 18:30
1.67E+12,3.116319444,18/10/2022 19:00
1.67E+12,3.117881944,18/10/2022 19:30
1.67E+12,3.1125,18/10/2022 20:00
1.67E+12,3.109548611,18/10/2022 20:30
1.67E+12,3.116145833,18/10/2022 21:00
1.67E+12,3.112847222,18/10/2022 21:30
1.67E+12,3.113194444,18/10/2022 22:00
1.67E+12,3.106076389,18/10/2022 22:30
1.67E+12,3.091493056,18/10/2022 23:00
1.67E+12,3.078819444,18/10/2022 23:30
1.67E+12,3.070486111,19/10/2022 0:00
1.67E+12,3.067361111,19/10/2022 0:30
1.67E+12,3.065625,19/10/2022 1:00
1.67E+12,3.060243056,19/10/2022 1:30
1.67E+12,3.070659722,19/10/2022 2:00
1.67E+12,3.076736111,19/10/2022 2:30
1.67E+12,3.073090278,19/10/2022 3:00
1.67E+12,3.057118056,19/10/2022 3:30
1.67E+12,3.0546875,19/10/2022 4:00
1.67E+12,3.047048611,19/10/2022 4:30
1.67E+12,3.045659722,19/10/2022 5:00
1.67E+12,3.040451389,19/10/2022 5:30
1.67E+12,3.036979167,19/10/2022 6:00
1.67E+12,3.027951389,19/10/2022 6:30
1.67E+12,3.026215278,19/10/2022 7:00
1.67E+12,3.025694444,19/10/2022 7:30
1.67E+12,3.025520833,19/10/2022 8:00
1.67E+12,3.025173611,19/10/2022 8:30
1.67E+12,3.016493056,19/10/2022 9:00
1.67E+12,3.016840278,19/10/2022 9:30
1.67E+12,3.012673611,19/10/2022 10:00
1.67E+12,3.011458333,19/10/2022 10:30
1.67E+12,3.006770833,19/10/2022 11:00
1.67E+12,3.003645833,19/10/2022 11:30
1.67E+12,3.002430556,19/10/2022 12:00
1.67E+12,3.0015625,19/10/2022 12:30
1.67E+12,2.991493056,19/10/2022 13:00
1.67E+12,2.991666667,19/10/2022 13:30
1.67E+12,2.993055556,19/10/2022 14:00
1.67E+12,2.996354167,19/10/2022 14:30
1.67E+12,2.996180556,19/10/2022 15:00
1.67E+12,2.997916667,19/10/2022 15:30
1.67E+12,2.995486111,19/10/2022 16:00
1.67E+12,2.991145833,19/10/2022 16:30
1.67E+12,2.990625,19/10/2022 17:00
1.67E+12,2.993402778,19/10/2022 17:30
1.67E+12,2.9921875,19/10/2022 18:00
1.67E+12,2.9953125,19/10/2022 18:30
1.67E+12,2.995659722,19/10/2022 19:00
1.67E+12,2.997569444,19/10/2022 19:30
1.67E+12,3,19/10/2022 20:00
1.67E+12,3.002604167,19/10/2022 20:30
1.67E+12,2.998784722,19/10/2022 21:00
1.67E+12,3.004340278,19/10/2022 21:30
1.67E+12,3.011979167,19/10/2022 22:00
1.67E+12,3.010763889,19/10/2022 22:30
1.67E+12,3.009375,19/10/2022 23:00
1.67E+12,3.018055556,19/10/2022 23:30
1.67E+12,3.025347222,20/10/2022 0:00
1.67E+12,3.021180556,20/10/2022 0:30
1.67E+12,3.018923611,20/10/2022 1:00
1.67E+12,3.028472222,20/10/2022 1:30
1.67E+12,3.027256944,20/10/2022 2:00
1.67E+12,3.026388889,20/10/2022 2:30
1.67E+12,3.024479167,20/10/2022 3:00
1.67E+12,3.031944444,20/10/2022 3:30
1.67E+12,3.035069444,20/10/2022 4:00
1.67E+12,3.032638889,20/10/2022 4:30
1.67E+12,3.028298611,20/10/2022 5:00
1.67E+12,3.027777778,20/10/2022 5:30
1.67E+12,3.028993056,20/10/2022 6:00
1.67E+12,3.033159722,20/10/2022 6:30
1.67E+12,3.035763889,20/10/2022 7:00
1.67E+12,3.032986111,20/10/2022 7:30
1.67E+12,3.035763889,20/10/2022 8:00
1.67E+12,3.037326389,20/10/2022 8:30
1.67E+12,3.047222222,20/10/2022 9:00
1.67E+12,3.055902778,20/10/2022 9:30
1.67E+12,3.056944444,20/10/2022 10:00
1.67E+12,3.061458333,20/10/2022 10:30
1.67E+12,3.059722222,20/10/2022 11:00
1.67E+12,3.062847222,20/10/2022 11:30
1.67E+12,3.071006944,20/10/2022 12:00
1.67E+12,3.074131944,20/10/2022 12:30
1.67E+12,3.077083333,20/10/2022 13:00
1.67E+12,3.082465278,20/10/2022 13:30
1.67E+12,3.079513889,20/10/2022 14:00
1.67E+12,3.078993056,20/10/2022 14:30
1.67E+12,3.085416667,20/10/2022 15:00
1.67E+12,3.085763889,20/10/2022 15:30
1.67E+12,3.093229167,20/10/2022 16:00
1.67E+12,3.094791667,20/10/2022 16:30
1.67E+12,3.09375,20/10/2022 17:00
1.67E+12,3.092013889,20/10/2022 17:30
1.67E+12,3.082465278,20/10/2022 18:00
1.67E+12,3.084548611,20/10/2022 18:30
1.67E+12,3.076388889,20/10/2022 19:00
1.67E+12,3.080381944,20/10/2022 19:30
1.67E+12,3.080034722,20/10/2022 20:00
1.67E+12,3.082118056,20/10/2022 20:30
1.67E+12,3.085763889,20/10/2022 21:00
1.67E+12,3.078298611,20/10/2022 21:30
1.67E+12,3.083506944,20/10/2022 22:00
1.67E+12,3.090451389,20/10/2022 22:30
1.67E+12,3.101215278,20/10/2022 23:00
1.67E+12,3.099826389,20/10/2022 23:30
1.67E+12,3.099826389,21/10/2022 0:00
1.67E+12,3.101736111,21/10/2022 0:30
1.67E+12,3.104861111,21/10/2022 1:00
1.67E+12,3.099826389,21/10/2022 1:30
1.67E+12,3.098090278,21/10/2022 2:00
1.67E+12,3.099652778,21/10/2022 2:30
1.67E+12,3.102604167,21/10/2022 3:00
1.67E+12,3.102604167,21/10/2022 3:30
1.67E+12,3.104340278,21/10/2022 4:00
1.67E+12,3.103993056,21/10/2022 4:30
1.67E+12,3.1046875,21/10/2022 5:00
1.67E+12,3.105555556,21/10/2022 5:30
1.67E+12,3.105902778,21/10/2022 6:00
1.67E+12,3.107291667,21/10/2022 6:30
1.67E+12,3.105902778,21/10/2022 7:00
1.67E+12,3.111805556,21/10/2022 7:30
1.67E+12,3.109027778,21/10/2022 8:00
1.67E+12,3.112847222,21/10/2022 8:30
1.67E+12,3.111631944,21/10/2022 9:00
1.67E+12,3.100868056,21/10/2022 9:30
1.67E+12,3.102256944,21/10/2022 10:00
1.67E+12,3.103645833,21/10/2022 10:30
1.67E+12,3.103819444,21/10/2022 11:00
1.67E+12,3.1015625,21/10/2022 11:30
1.67E+12,3.093055556,21/10/2022 12:00
1.67E+12,3.089930556,21/10/2022 12:30
1.67E+12,3.089583333,21/10/2022 13:00
1.67E+12,3.085243056,21/10/2022 13:30
1.67E+12,3.084548611,21/10/2022 14:00
1.67E+12,3.082986111,21/10/2022 14:30
1.67E+12,3.082291667,21/10/2022 15:00
1.67E+12,3.078645833,21/10/2022 15:30
1.67E+12,3.073611111,21/10/2022 16:00
1.67E+12,3.073611111,21/10/2022 16:30
1.67E+12,3.073784722,21/10/2022 17:00
1.67E+12,3.080902778,21/10/2022 17:30
1.67E+12,3.095659722,21/10/2022 18:00
1.67E+12,3.096354167,21/10/2022 18:30
1.67E+12,3.10625,21/10/2022 19:00
1.67E+12,3.100694444,21/10/2022 19:30
1.67E+12,3.101909722,21/10/2022 20:00
1.67E+12,3.105555556,21/10/2022 20:30
1.67E+12,3.101041667,21/10/2022 21:00
1.67E+12,3.103993056,21/10/2022 21:30
1.67E+12,3.101388889,21/10/2022 22:00
1.67E+12,3.101388889,21/10/2022 22:30
1.67E+12,3.095659722,21/10/2022 23:00
1.67E+12,3.089583333,21/10/2022 23:30
1.67E+12,3.096527778,22/10/2022 0:00
1.67E+12,3.103993056,22/10/2022 0:30
1.67E+12,3.108854167,22/10/2022 1:00
1.67E+12,3.114236111,22/10/2022 1:30
1.67E+12,3.113020833,22/10/2022 2:00
1.67E+12,3.119270833,22/10/2022 2:30
1.67E+12,3.1234375,22/10/2022 3:00
1.67E+12,3.119097222,22/10/2022 3:30
1.67E+12,3.111979167,22/10/2022 4:00
1.67E+12,3.116319444,22/10/2022 4:30
1.67E+12,3.108506944,22/10/2022 5:00
1.67E+12,3.118402778,22/10/2022 5:30
1.67E+12,3.116493056,22/10/2022 6:00
1.67E+12,3.118229167,22/10/2022 6:30
1.67E+12,3.110416667,22/10/2022 7:00
1.67E+12,3.105381944,22/10/2022 7:30
1.67E+12,3.111631944,22/10/2022 8:00
1.67E+12,3.116145833,22/10/2022 8:30
1.67E+12,3.114583333,22/10/2022 9:00
1.67E+12,3.1171875,22/10/2022 9:30
1.67E+12,3.117013889,22/10/2022 10:00
1.67E+12,3.114930556,22/10/2022 10:30
1.67E+12,3.120138889,22/10/2022 11:00
1.67E+12,3.121875,22/10/2022 11:30
1.67E+12,3.121180556,22/10/2022 12:00
1.67E+12,3.115277778,22/10/2022 12:30
1.67E+12,3.114583333,22/10/2022 13:00
1.67E+12,3.1109375,22/10/2022 13:30
1.67E+12,3.110763889,22/10/2022 14:00
1.67E+12,3.110416667,22/10/2022 14:30
1.67E+12,3.100520833,22/10/2022 15:00
1.67E+12,3.098611111,22/10/2022 15:30
1.67E+12,3.090625,22/10/2022 16:00
1.67E+12,3.087673611,22/10/2022 16:30
1.67E+12,3.080381944,22/10/2022 17:00
1.67E+12,3.069270833,22/10/2022 17:30
1.67E+12,3.051041667,22/10/2022 18:00
1.67E+12,3.038541667,22/10/2022 18:30
1.67E+12,3.023611111,22/10/2022 19:00
1.67E+12,3.014409722,22/10/2022 19:30
1.67E+12,3.002430556,22/10/2022 20:00
1.67E+12,2.983680556,22/10/2022 20:30
1.67E+12,2.971527778,22/10/2022 21:00
1.67E+12,2.958506944,22/10/2022 21:30
1.67E+12,2.938541667,22/10/2022 22:00
1.67E+12,2.921006944,22/10/2022 22:30
1.67E+12,2.905902778,22/10/2022 23:00
1.67E+12,2.899305556,22/10/2022 23:30
1.67E+12,2.8734375,23/10/2022 0:00
1.67E+12,2.858854167,23/10/2022 0:30
1.67E+12,2.841840278,23/10/2022 1:00
1.67E+12,2.823958333,23/10/2022 1:30
1.67E+12,2.813020833,23/10/2022 2:00
1.67E+12,2.792881944,23/10/2022 2:30
1.67E+12,2.781770833,23/10/2022 3:00
1.67E+12,2.774652778,23/10/2022 3:30
1.67E+12,2.768055556,23/10/2022 4:00
1.67E+12,2.751909722,23/10/2022 4:30
1.67E+12,2.739583333,23/10/2022 5:00
1.67E+12,2.721875,23/10/2022 5:30
1.67E+12,2.711805556,23/10/2022 6:00
1.67E+12,2.702256944,23/10/2022 6:30
1.67E+12,2.700520833,23/10/2022 7:00
1.67E+12,2.697569444,23/10/2022 7:30
1.67E+12,2.696354167,23/10/2022 8:00
1.67E+12,2.685243056,23/10/2022 8:30
1.67E+12,2.682638889,23/10/2022 9:00
1.67E+12,2.6828125,23/10/2022 9:30
1.67E+12,2.681423611,23/10/2022 10:00
1.67E+12,2.677256944,23/10/2022 10:30
1.67E+12,2.668576389,23/10/2022 11:00
1.67E+12,2.6609375,23/10/2022 11:30
1.67E+12,2.659548611,23/10/2022 12:00
1.67E+12,2.663020833,23/10/2022 12:30
1.67E+12,2.656076389,23/10/2022 13:00
1.67E+12,2.652430556,23/10/2022 13:30
1.67E+12,2.646701389,23/10/2022 14:00
1.67E+12,2.6390625,23/10/2022 14:30
1.67E+12,2.634722222,23/10/2022 15:00
1.67E+12,2.626909722,23/10/2022 15:30
1.67E+12,2.620833333,23/10/2022 16:00
1.67E+12,2.611111111,23/10/2022 16:30
1.67E+12,2.599652778,23/10/2022 17:00
1.67E+12,2.586979167,23/10/2022 17:30
1.67E+12,2.5828125,23/10/2022 18:00
1.67E+12,2.578125,23/10/2022 18:30
1.67E+12,2.571354167,23/10/2022 19:00
1.67E+12,2.559895833,23/10/2022 19:30
1.67E+12,2.546875,23/10/2022 20:00
1.67E+12,2.542013889,23/10/2022 20:30
1.67E+12,2.538715278,23/10/2022 21:00
1.67E+12,2.533333333,23/10/2022 21:30
1.67E+12,2.532986111,23/10/2022 22:00
1.67E+12,2.522048611,23/10/2022 22:30
1.67E+12,2.518402778,23/10/2022 23:00
1.67E+12,2.509895833,23/10/2022 23:30
1.67E+12,2.502430556,24/10/2022 0:00
1.67E+12,2.498611111,24/10/2022 0:30
1.67E+12,2.496180556,24/10/2022 1:00
1.67E+12,2.49375,24/10/2022 1:30
1.67E+12,2.492013889,24/10/2022 2:00
1.67E+12,2.504861111,24/10/2022 2:30
1.67E+12,2.510243056,24/10/2022 3:00
1.67E+12,2.501736111,24/10/2022 3:30
1.67E+12,2.5,24/10/2022 4:00
1.67E+12,2.5078125,24/10/2022 4:30
1.67E+12,2.511631944,24/10/2022 5:00
1.67E+12,2.512847222,24/10/2022 5:30
1.67E+12,2.515972222,24/10/2022 6:00
1.67E+12,2.514756944,24/10/2022 6:30
1.67E+12,2.519444444,24/10/2022 7:00
1.67E+12,2.524479167,24/10/2022 7:30
1.67E+12,2.527083333,24/10/2022 8:00
1.67E+12,2.528645833,24/10/2022 8:30
1.67E+12,2.531076389,24/10/2022 9:00
1.67E+12,2.530902778,24/10/2022 9:30
1.67E+12,2.531076389,24/10/2022 10:00
1.67E+12,2.533333333,24/10/2022 10:30
1.67E+12,2.539756944,24/10/2022 11:00
1.67E+12,2.545833333,24/10/2022 11:30
1.67E+12,2.546875,24/10/2022 12:00
1.67E+12,2.552083333,24/10/2022 12:30
1.67E+12,2.561111111,24/10/2022 13:00
1.67E+12,2.563715278,24/10/2022 13:30
1.67E+12,2.566493056,24/10/2022 14:00
1.67E+12,2.568402778,24/10/2022 14:30
1.67E+12,2.568402778,24/10/2022 15:00
1.67E+12,2.5796875,24/10/2022 15:30
1.67E+12,2.595486111,24/10/2022 16:00
1.67E+12,2.611631944,24/10/2022 16:30
1.67E+12,2.628993056,24/10/2022 17:00
1.67E+12,2.646180556,24/10/2022 17:30
1.67E+12,2.661458333,24/10/2022 18:00
1.67E+12,2.680034722,24/10/2022 18:30
1.67E+12,2.7015625,24/10/2022 19:00
1.67E+12,2.723958333,24/10/2022 19:30
1.67E+12,2.750520833,24/10/2022 20:00
1.67E+12,2.772048611,24/10/2022 20:30
1.67E+12,2.783680556,24/10/2022 21:00
1.67E+12,2.798958333,24/10/2022 21:30
1.67E+12,2.815798611,24/10/2022 22:00
1.67E+12,2.842534722,24/10/2022 22:30
1.67E+12,2.8734375,24/10/2022 23:00
1.67E+12,2.894965278,24/10/2022 23:30
1.67E+12,2.924652778,25/10/2022 0:00
1.67E+12,2.944965278,25/10/2022 0:30
1.67E+12,2.962326389,25/10/2022 1:00
1.67E+12,2.984027778,25/10/2022 1:30
1.67E+12,2.992708333,25/10/2022 2:00
1.67E+12,2.994618056,25/10/2022 2:30
1.67E+12,3.004513889,25/10/2022 3:00
1.67E+12,3.029340278,25/10/2022 3:30
1.67E+12,3.045833333,25/10/2022 4:00
1.67E+12,3.055729167,25/10/2022 4:30
1.67E+12,3.0703125,25/10/2022 5:00
1.67E+12,3.079340278,25/10/2022 5:30
1.67E+12,3.088715278,25/10/2022 6:00
1.67E+12,3.101041667,25/10/2022 6:30
1.67E+12,3.105034722,25/10/2022 7:00
1.67E+12,3.108506944,25/10/2022 7:30
1.67E+12,3.103645833,25/10/2022 8:00
1.67E+12,3.107118056,25/10/2022 8:30
1.67E+12,3.108854167,25/10/2022 9:00
1.67E+12,3.115277778,25/10/2022 9:30
1.67E+12,3.118402778,25/10/2022 10:00
1.67E+12,3.120833333,25/10/2022 10:30
1.67E+12,3.118229167,25/10/2022 11:00
1.67E+12,3.123784722,25/10/2022 11:30
1.67E+12,3.124652778,25/10/2022 12:00
1.67E+12,3.126909722,25/10/2022 12:30
1.67E+12,3.130208333,25/10/2022 13:00
1.67E+12,3.136979167,25/10/2022 13:30
1.67E+12,3.138715278,25/10/2022 14:00
1.67E+12,3.144618056,25/10/2022 14:30
1.67E+12,3.153125,25/10/2022 15:00
1.67E+12,3.149652778,25/10/2022 15:30
1.67E+12,3.141666667,25/10/2022 16:00
1.67E+12,3.130902778,25/10/2022 16:30
1.67E+12,3.126909722,25/10/2022 17:00
1.67E+12,3.136805556,25/10/2022 17:30
1.67E+12,3.149131944,25/10/2022 18:00