1.466E+12,17325.72917,y,15/6/2016,0
1.46627E+12,8579.369792,1705.276316,18/6/2016,0
1.46653E+12,4440.90625,1489.348101,21/6/2016,0
1.4668E+12,9732.552083,1665.530201,24/6/2016,0
1.46707E+12,3304.526042,1842.054264,27/6/2016,0
1.46733E+12,4192.880208,1476.387755,1/7/2016,0
1.4676E+12,3208.3125,1546.4,4/7/2016,0
1.46787E+12,3158.84375,1150.175325,7/7/2016,0
1.46813E+12,2972.927083,1533.507143,10/7/2016,0
1.4684E+12,4164.796875,1244.328859,13/7/2016,0
1.46867E+12,3307.916667,1531.706294,16/7/2016,0
1.46893E+12,5029.416667,1600.6,19/7/2016,0
1.4692E+12,4632.322917,1505.641892,22/7/2016,0
1.46947E+12,4076.307292,1636.135338,25/7/2016,0
1.46973E+12,5876.90625,1482.983871,28/7/2016,0
1.47E+12,3832.677083,1840.648438,31/7/2016,0
1.47026E+12,3763.53125,1676.336134,3/8/2016,0
1.47053E+12,2599.510417,1630.506494,7/8/2016,0
1.4708E+12,7188.328125,1350.556213,10/8/2016,0
1.47106E+12,4014.125,1589.831081,13/8/2016,0
1.47133E+12,8254.489583,1696.766667,16/8/2016,0
1.4716E+12,4765.65625,1228.06135,19/8/2016,0
1.47186E+12,3534.661458,1934.98374,22/8/2016,0
1.47213E+12,4062.098958,1343.380645,25/8/2016,0
1.4724E+12,3331.463542,1625.993197,28/8/2016,0
1.47266E+12,5165.151042,1717.931818,31/8/2016,0
1.47293E+12,4140.114583,1511.959732,3/9/2016,0
1.47319E+12,4097.625,1696.185714,6/9/2016,0
1.47346E+12,4845.953125,1023.709497,9/9/2016,0
1.47373E+12,3393,1650.059211,13/9/2016,0
1.47399E+12,4936.489583,1247.225806,16/9/2016,0
1.47426E+12,3609.380208,1453.854545,19/9/2016,0
1.47453E+12,3129.588542,1518.906475,22/9/2016,0
1.47479E+12,2507.369792,1680.75188,25/9/2016,0
1.47506E+12,4513.125,1639.907801,28/9/2016,0
1.47533E+12,3827.21875,1057.524324,1/10/2016,0
1.47559E+12,5071.229167,1587.804054,4/10/2016,0
1.47586E+12,5025.953125,1362.611465,7/10/2016,0
1.47613E+12,7160.182292,1675.075949,10/10/2016,0
1.47639E+12,5731.036458,1862.405594,13/10/2016,0
1.47666E+12,3594.494792,1798.354839,16/10/2016,0
1.47692E+12,9951.453125,1794.554688,20/10/2016,0
1.47719E+12,3888.703125,1522.123077,23/10/2016,0
1.47746E+12,19469.69792,1592.664,26/10/2016,0
1.47772E+12,4018.161458,1454.416107,29/10/2016,0
1.47799E+12,4933.166667,1705.251799,1/11/2016,0
1.47826E+12,6254.348958,1650.5,4/11/2016,0
1.47852E+12,5360.307292,1644.748299,7/11/2016,0
1.47879E+12,4109.442708,1754.825806,10/11/2016,0
1.47906E+12,4074.260417,1475.72549,13/11/2016,0
1.47932E+12,3922.203125,1837.380952,16/11/2016,0
1.47959E+12,4200.182292,1362.416667,19/11/2016,0
1.47985E+12,35259.79167,1797.128205,22/11/2016,0
1.48012E+12,20356.41146,1864.358108,26/11/2016,0
1.48039E+12,7484.973958,2056.064748,29/11/2016,0
1.48065E+12,25142.19792,2028.012346,2/12/2016,0
1.48092E+12,6658.963542,1648.534722,5/12/2016,0
1.48119E+12,6081.604167,2060.943662,8/12/2016,0
1.48145E+12,6235.25,1674.348837,11/12/2016,0
1.48172E+12,7301.010417,2131.746667,14/12/2016,0
1.48199E+12,7994.630208,1991.222222,17/12/2016,0
1.48225E+12,8095,1722.192308,20/12/2016,0
1.48252E+12,6357.645833,2225.866142,23/12/2016,0
1.48279E+12,5566.40625,2048.283019,26/12/2016,0
1.48305E+12,7236.536458,1826.866242,29/12/2016,0
1.48332E+12,4465.953125,1829.880503,2/1/2017,0
1.48358E+12,10326.65625,2060.721429,5/1/2017,0
1.48385E+12,9738.973958,1557.491018,8/1/2017,0
1.48412E+12,9711.369792,1980.771242,11/1/2017,0
1.48438E+12,6250.15625,1408.540698,14/1/2017,0
1.48465E+12,7842.984375,1852.512658,17/1/2017,0
1.48492E+12,4048.765625,1578.714286,20/1/2017,0
1.48518E+12,4670.770833,1706.73913,23/1/2017,0
1.48545E+12,15755.23438,2024.225806,26/1/2017,0
1.48572E+12,8564.869792,1446.868263,29/1/2017,0
1.48598E+12,16406.5625,1825.833333,1/2/2017,0
1.48625E+12,23213.30729,1977.625,4/2/2017,0
1.48651E+12,61635.94792,2154.092715,8/2/2017,0
1.48678E+12,13830.40625,2052.986395,11/2/2017,0
1.48705E+12,8495.729167,1768.650307,14/2/2017,0
1.48731E+12,27144.88542,1875.516556,17/2/2017,0
1.48758E+12,11655.05208,1878.514925,20/2/2017,0
1.48785E+12,91128.64583,2044.884058,23/2/2017,0
1.48811E+12,20459.04688,1955.215569,26/2/2017,0
1.48838E+12,43090.71875,2126.888889,1/3/2017,0
1.48865E+12,60959.31771,2233.84106,4/3/2017,0
1.48891E+12,60618.57292,2026.274648,7/3/2017,0
1.48918E+12,32465.43229,2051.567568,10/3/2017,0
1.48945E+12,21183.92708,1426.516129,13/3/2017,0
1.48971E+12,21408.41146,2059.394366,17/3/2017,0
1.48998E+12,4446.119792,1678.535032,20/3/2017,0
1.49024E+12,7250.848958,2028.556338,23/3/2017,0
1.49051E+12,3620.114583,1645.005682,26/3/2017,0
1.49078E+12,13949,1759.780303,29/3/2017,0
1.49104E+12,15102.23438,1760.902439,1/4/2017,0
1.49131E+12,12174.93229,1545.588608,4/4/2017,0
1.49158E+12,11025.76563,1954.04321,7/4/2017,0
1.49184E+12,4611.807292,1656.635036,10/4/2017,0
1.49211E+12,26066.68229,1843.670659,13/4/2017,0
1.49238E+12,5120.09375,2087.827338,16/4/2017,0
1.49264E+12,17191.34375,1776.695652,19/4/2017,0
1.49291E+12,7975.75,1941.413043,23/4/2017,0
1.49317E+12,49969.30729,1601.562092,26/4/2017,0
1.49344E+12,54438.39063,2186.084967,29/4/2017,0
1.49371E+12,17848.84375,1972.942197,2/5/2017,0
1.49397E+12,65654.60938,2108.613924,5/5/2017,0
1.49424E+12,39321.79688,2071.263566,8/5/2017,0
1.49451E+12,110206.6719,2028.311111,11/5/2017,0
1.49477E+12,132803.9115,2183.281481,14/5/2017,0
1.49504E+12,164414.4427,2250.597561,17/5/2017,0
1.49531E+12,176477.5625,2048.56129,20/5/2017,0
1.49557E+12,141178.2552,2138.212121,23/5/2017,0
1.49584E+12,154011.3385,2188.75,26/5/2017,0
1.49611E+12,78954.67188,2178.69281,30/5/2017,0
1.49637E+12,82891.57813,2130.05298,2/6/2017,0
1.49664E+12,48394.60938,1880.641176,5/6/2017,0
1.4969E+12,53822.99479,1652.447205,8/6/2017,0
1.49717E+12,29844.38542,2058.909091,11/6/2017,0
1.49744E+12,50868.27604,1808.460993,14/6/2017,0
1.4977E+12,24194.59896,2069.333333,17/6/2017,0
1.49797E+12,11155.21354,1823.898649,20/6/2017,0
1.49824E+12,13859.82292,1786.582781,23/6/2017,0
1.4985E+12,11232.45313,1940.179856,26/6/2017,0
1.49877E+12,17609.50521,1481.303279,29/6/2017,0
1.49904E+12,2909.265625,1782.235669,2/7/2017,0
1.4993E+12,5181.567708,1352.780488,6/7/2017,0
1.49957E+12,3472.557292,1669.823529,9/7/2017,0
1.49983E+12,5192.411458,1646.040541,12/7/2017,0
1.5001E+12,12983.875,1277.77665,15/7/2017,0
1.50037E+12,10471.45833,1566.210191,18/7/2017,0
1.50063E+12,21474.57813,1246.411043,21/7/2017,0
1.5009E+12,4499.828125,1703.14094,24/7/2017,0
1.50117E+12,4908.822917,1395.9875,27/7/2017,0
1.50143E+12,2570.916667,1648.891892,30/7/2017,0
1.5017E+12,3733.046875,1648.046667,2/8/2017,0
1.50197E+12,3859.223958,1593.186207,5/8/2017,0
1.50223E+12,12840.32813,1543.601449,8/8/2017,0
1.5025E+12,24676.54688,1425.907143,12/8/2017,0
1.50277E+12,32692.85938,1890.978261,15/8/2017,0
1.50303E+12,26675.75521,1929.785185,18/8/2017,0
1.5033E+12,13980.45313,2046.065789,21/8/2017,0
1.50356E+12,45613.23438,2095.637584,24/8/2017,0
1.50383E+12,59678.86979,2058.886957,27/8/2017,0
1.5041E+12,8051.734375,2017.871287,30/8/2017,0
1.50436E+12,6138.052083,1689.619355,2/9/2017,0
1.50463E+12,4690.770833,1615.869048,5/9/2017,0
1.5049E+12,7205.697917,1443.969512,8/9/2017,0
1.50516E+12,4029.302083,1410.903553,11/9/2017,0
1.50543E+12,11945.78125,1597.074286,14/9/2017,0
1.5057E+12,2933.786458,1456.850575,18/9/2017,0
1.50596E+12,13845.72396,1540.62069,21/9/2017,0
1.50623E+12,2751.34375,1123.198864,24/9/2017,0
1.50649E+12,8266.489583,2014.726496,27/9/2017,0
1.50676E+12,2657.953125,1228.078313,30/9/2017,0
1.50703E+12,10247.10417,1910.492754,3/10/2017,0
1.50729E+12,15452.30729,1505.550296,6/10/2017,0
1.50756E+12,5174.755208,1966.68,9/10/2017,0
1.50783E+12,11230.01042,2185.944,12/10/2017,0
1.50809E+12,10762.40104,1309.807692,15/10/2017,0
1.50836E+12,16809.36979,2104.021583,18/10/2017,0
1.50863E+12,23082.82292,2079.007092,21/10/2017,0
1.50889E+12,26667.21354,2168.993506,25/10/2017,0
1.50916E+12,55554.39583,2253.391026,28/10/2017,0
1.50943E+12,19860.3125,2262.469231,31/10/2017,0
1.50969E+12,29796.01042,2151.512821,3/11/2017,0
1.50996E+12,21434.125,2264.541667,6/11/2017,0
1.51022E+12,35752.28646,2209.278571,9/11/2017,0
1.51049E+12,132738.2552,2042.078947,12/11/2017,0
1.51076E+12,86371.80729,1655.34375,15/11/2017,0
1.51102E+12,47876.86458,2108.331081,18/11/2017,0
1.51129E+12,28019.35938,2158.262821,21/11/2017,0
1.51156E+12,29977.43229,2346.00641,24/11/2017,0
1.51182E+12,30939.52083,2256.327869,27/11/2017,0
1.51209E+12,71558.05729,2213.734807,1/12/2017,0
1.51236E+12,39290.22396,2466.559211,4/12/2017,0
1.51262E+12,71334.70833,2081.829268,7/12/2017,0
1.51289E+12,118006.5729,2282.682796,10/12/2017,0
1.51315E+12,98467.25521,2129.953216,13/12/2017,0
1.51342E+12,115423.8542,2704.442857,16/12/2017,0
1.51369E+12,114530.1615,2455.793548,19/12/2017,0
1.51395E+12,134362.8177,1695.748148,22/12/2017,0
1.51422E+12,83450.88542,2047.33557,25/12/2017,0
1.51449E+12,107043.4583,1781.730061,28/12/2017,0
1.51475E+12,94918.79688,2522.057325,31/12/2017,0
1.51502E+12,93190.73958,2135.994048,3/1/2018,0
1.51529E+12,69696.02604,2196.737805,7/1/2018,0
1.51555E+12,39724.89063,1685.904494,10/1/2018,0
1.51582E+12,35379.625,1824.153333,13/1/2018,0
1.51609E+12,30852.65104,1788.988439,16/1/2018,0
1.51635E+12,52196.33854,1153.058824,19/1/2018,0
1.51662E+12,65072.22917,1422.857955,22/1/2018,0
1.51688E+12,46447.35938,1232.980892,25/1/2018,0
1.51715E+12,28537.31771,1416.820359,28/1/2018,0
1.51742E+12,16196.09896,1404.27381,31/1/2018,0
1.51768E+12,14669.46875,1169.52973,3/2/2018,0
1.51795E+12,7223.619792,1322.816794,6/2/2018,0
1.51822E+12,6280.666667,974.8874172,9/2/2018,0
1.51848E+12,5277.78125,1097.301676,13/2/2018,0
1.51875E+12,2715.114583,1166.369128,16/2/2018,0
1.51902E+12,5050.901042,1407.48227,19/2/2018,0
1.51928E+12,4038.713542,1251.304054,22/2/2018,0
1.51955E+12,7230.307292,1322.510638,25/2/2018,0
1.51981E+12,5710.130208,1416.630303,28/2/2018,0
1.52008E+12,4326.802083,1082.641892,3/3/2018,0
1.52035E+12,6135.953125,1362.917197,6/3/2018,0
1.52061E+12,4328.005208,1115.914286,9/3/2018,0
1.52088E+12,1849.697917,1241.392405,12/3/2018,0
1.52115E+12,2497.651042,1198.583333,15/3/2018,0
1.52141E+12,1223.140625,1235.664516,18/3/2018,0
1.52168E+12,1952.791667,1295.013986,22/3/2018,0
1.52195E+12,1242.963542,1002.02963,25/3/2018,0
1.52221E+12,2405.447917,1314.97037,28/3/2018,0
1.52248E+12,1410.130208,1161.070313,31/3/2018,0
1.52275E+12,1261.6875,1220.361963,3/4/2018,0
1.52301E+12,1462.463542,1252.818841,6/4/2018,0
1.52328E+12,1079.380208,1201.108844,9/4/2018,0
1.52354E+12,2919.510417,1369.344156,12/4/2018,0
1.52381E+12,1774.046875,1067.674847,15/4/2018,0
1.52408E+12,1462.203125,1254.625,18/4/2018,0
1.52434E+12,3642.473958,1219.968553,21/4/2018,0
1.52461E+12,3674.807292,1600.584906,24/4/2018,0
1.52488E+12,2748.182292,1486.753521,28/4/2018,0
1.52514E+12,2100.84375,1387.787097,1/5/2018,0
1.52541E+12,3186.572917,1513.384106,4/5/2018,0
1.52568E+12,2858.453125,1253.729927,7/5/2018,0
1.52594E+12,1799.234375,1291.11875,10/5/2018,0
1.52621E+12,1354.833333,1103.357576,13/5/2018,0
1.52647E+12,3352.520833,1471.089041,16/5/2018,0
1.52674E+12,1450.854167,1429.027027,19/5/2018,0
1.52701E+12,2189.255208,1290.745223,22/5/2018,0
1.52727E+12,2709.401042,1446.328671,25/5/2018,0
1.52754E+12,2454.223958,879.902439,28/5/2018,0
1.52781E+12,1666.536458,1172.856322,31/5/2018,0
1.52807E+12,2181.723958,1148.006579,4/6/2018,0
1.52834E+12,3913.395833,1216.577143,7/6/2018,0
1.52861E+12,1837.119792,1381.924138,10/6/2018,0
1.52887E+12,3855.927083,1522.828571,13/6/2018,0
1.52914E+12,1527.78125,1372.738562,16/6/2018,0
1.52941E+12,2200.052083,922.9808917,19/6/2018,0
1.52967E+12,1764.166667,1283.154839,22/6/2018,0
1.52994E+12,1666,1020.59375,25/6/2018,0
1.5302E+12,2755.75,1338.383562,28/6/2018,0
1.53047E+12,1434.640625,1310.470199,1/7/2018,0
1.53074E+12,2883.026042,1413.432624,4/7/2018,0
1.531E+12,1368.791667,1456.934307,7/7/2018,0
1.53127E+12,3423.213542,985.3481013,11/7/2018,0
1.53154E+12,6316.098958,1500.762963,14/7/2018,0
1.5318E+12,4945.25,1326.879699,17/7/2018,0
1.53207E+12,2653.041667,1471.484277,20/7/2018,0
1.53234E+12,1170.338542,1464.474026,23/7/2018,0
1.5326E+12,2631.713542,1382.409639,26/7/2018,0
1.53287E+12,1679.125,1404.115152,29/7/2018,0
1.53313E+12,3300.760417,990.6294118,1/8/2018,0
1.5334E+12,1380.635417,1606.96,4/8/2018,0
1.53367E+12,3500.109375,1088.960227,7/8/2018,0
1.53393E+12,1800.973958,1543.344371,10/8/2018,0
1.5342E+12,2993.588542,1284.931818,13/8/2018,0
1.53447E+12,2894.333333,1481.526667,17/8/2018,0
1.53473E+12,1779.697917,1470.474684,20/8/2018,0
1.535E+12,2384.791667,1154.482759,23/8/2018,0
1.53527E+12,1595.536458,1439.58125,26/8/2018,0
1.53553E+12,7506.0625,1454.962963,29/8/2018,0
1.5358E+12,3006.026042,1555.810458,1/9/2018,0
1.53607E+12,5252.140625,1529.522581,4/9/2018,0
1.53633E+12,4571.125,1547.895833,7/9/2018,0
1.5366E+12,2373.442708,1681.74,10/9/2018,0
1.53686E+12,2376.166667,1158.969325,13/9/2018,0
1.53713E+12,1660.291667,1388.541667,16/9/2018,0
1.5374E+12,3640.427083,1507.65,19/9/2018,0
1.53766E+12,2275.885417,1720.133803,23/9/2018,0
1.53793E+12,4303.989583,1896.1875,26/9/2018,0
1.5382E+12,4506.453125,1605.878378,29/9/2018,0
1.53846E+12,3243.973958,1739.062937,2/10/2018,0
1.53873E+12,2595.203125,1277.361963,5/10/2018,0
1.539E+12,4628.203125,1671.055172,8/10/2018,0
1.53926E+12,3144.1875,1718.744,11/10/2018,0
1.53953E+12,2556.703125,1814.323077,14/10/2018,0
1.53979E+12,5070.229167,1842.227273,17/10/2018,0
1.54006E+12,2711.046875,1647.808642,20/10/2018,0
1.54033E+12,4941.572917,1836.594203,23/10/2018,0
1.54059E+12,4576.744792,1532.644928,26/10/2018,0
1.54086E+12,8145.604167,2248.59292,30/10/2018,0
1.54113E+12,3756.807292,1718.742647,2/11/2018,0
1.54139E+12,5092.703125,1839.785714,5/11/2018,0
1.54166E+12,8331.59375,2046.881119,8/11/2018,0
1.54193E+12,6965.25,2050.622378,11/11/2018,0
1.54219E+12,7382.270833,2294.190083,14/11/2018,0
1.54246E+12,5687.239583,1691.719178,17/11/2018,0
1.54273E+12,31843.46354,2168.555556,20/11/2018,0
1.54299E+12,7056.291667,1811.372414,23/11/2018,0
1.54326E+12,7360.401042,2185.227273,26/11/2018,0
1.54352E+12,17050.95313,2202.088,29/11/2018,0
1.54379E+12,3531.614583,2315.873874,2/12/2018,0
1.54406E+12,4886.020833,2345.009524,6/12/2018,0
1.54432E+12,3856.25,1953.27193,9/12/2018,0
1.54459E+12,7415.067708,1973.084615,12/12/2018,0
1.54486E+12,4279.859375,1819.716535,15/12/2018,0
1.54512E+12,4240.692708,2011.896,18/12/2018,0
1.54539E+12,4872.869792,1889.047945,21/12/2018,0
1.54566E+12,2455.921875,1867.64375,24/12/2018,0
1.54592E+12,2455.166667,2127.948148,27/12/2018,0
1.54619E+12,2774.192708,1424.653409,30/12/2018,0
1.54645E+12,2802.671875,1791.751592,2/1/2019,0
1.54672E+12,2219.0625,1920.144928,5/1/2019,0
1.54699E+12,3459.921875,1575.33557,8/1/2019,0
1.54725E+12,5040.447917,1891.087248,12/1/2019,0
1.54752E+12,4007.1875,2019.730496,15/1/2019,0
1.54779E+12,5309.098958,2098.320513,18/1/2019,0
1.54805E+12,2887.744792,2021.875912,21/1/2019,0
1.54832E+12,8606.640625,2298.511278,24/1/2019,0
1.54859E+12,3334.729167,2121.714286,27/1/2019,0
1.54885E+12,3686.192708,2277.230769,30/1/2019,0
1.54912E+12,5093.307292,2181.775362,2/2/2019,0
1.54939E+12,4458.442708,2124.565517,5/2/2019,0
1.54965E+12,6575.604167,2283.516129,8/2/2019,0
1.54992E+12,7728.479167,2175.152174,11/2/2019,0
1.55018E+12,4942.098958,2131.682927,14/2/2019,0
1.55045E+12,4227.682292,2072.613333,18/2/2019,0
1.55072E+12,9137.744792,2121.664063,21/2/2019,0
1.55098E+12,5180.59375,2336.448819,24/2/2019,0
1.55125E+12,6676.859375,2221.122581,27/2/2019,0
1.55152E+12,12101.73958,2500.798319,2/3/2019,0
1.55178E+12,7477.083333,2339.021898,5/3/2019,0
1.55205E+12,8787.104167,2443.687943,8/3/2019,0
1.55232E+12,4792.671875,2544.424242,11/3/2019,0
1.55258E+12,7418.65625,1917.557047,14/3/2019,0
1.55285E+12,2023.291667,1953.863014,17/3/2019,0
1.55311E+12,5774.140625,2075.640845,20/3/2019,0
1.55338E+12,1943.088542,1935.025806,23/3/2019,0
1.55365E+12,17905.13021,1556.780822,27/3/2019,0
1.55391E+12,25874.08854,1894.161491,30/3/2019,0
1.55418E+12,34815.1875,1734.986207,2/4/2019,0
1.55445E+12,55513.88542,2734.440299,5/4/2019,0
1.55471E+12,8634.260417,2515.761905,8/4/2019,0
1.55498E+12,11164.05208,2712.529412,11/4/2019,0
1.55525E+12,6755.994792,2533.285714,14/4/2019,0
1.55551E+12,21315.61979,2486.744681,17/4/2019,0
1.55578E+12,11297.96354,2679.060811,20/4/2019,0
1.55605E+12,32174.66667,2719.081481,23/4/2019,0
1.55631E+12,13247.76563,2472.531034,26/4/2019,0
1.55658E+12,5861.0625,2382.421053,29/4/2019,0
1.55684E+12,6433.354167,2552.343284,3/5/2019,0
1.55711E+12,8457.552083,2685.937063,6/5/2019,0
1.55738E+12,19187.22917,2351.478528,9/5/2019,0
1.55764E+12,22708.16146,2570.461988,12/5/2019,0
1.55791E+12,28531.99479,2696.287879,15/5/2019,0
1.55818E+12,50696.61458,2597.976378,18/5/2019,0
1.55844E+12,20034.64583,2583.704,21/5/2019,0
1.55871E+12,15410.21875,2337.892216,24/5/2019,0
1.55898E+12,8687.578125,2568.917808,27/5/2019,0
1.55924E+12,13794.11979,2127.969325,30/5/2019,0
1.55951E+12,8511.848958,2364.592814,2/6/2019,0
1.55977E+12,7366.46875,2417.128571,5/6/2019,0
1.56004E+12,6904.90625,2380.652439,9/6/2019,0
1.56031E+12,16197.25,2555.529915,12/6/2019,0
1.56057E+12,15199.84375,2470.663866,15/6/2019,0
1.56084E+12,36066.64063,2321.821656,18/6/2019,0
1.56111E+12,26205.66667,2047.054422,21/6/2019,0
1.56137E+12,3770.052083,2507.358779,24/6/2019,0
1.56164E+12,59287.39583,2266.808219,27/6/2019,0
1.56191E+12,3545.822917,2422.349693,30/6/2019,0
1.56217E+12,8746.963542,2539.406015,3/7/2019,0
1.56244E+12,3277.083333,2194.022599,6/7/2019,0
1.56271E+12,10437.17708,2542.605634,9/7/2019,0
1.56297E+12,17787.5625,2175.861842,12/7/2019,0
1.56324E+12,9947.984375,2311.360465,16/7/2019,0
1.56351E+12,27967.13542,1958.842697,19/7/2019,0
1.56377E+12,3530.411458,2373.948052,22/7/2019,0
1.56404E+12,7595.755208,2200.603659,25/7/2019,0
1.56431E+12,2857.520833,2391.171233,28/7/2019,0
1.56457E+12,10961.21875,2609.46281,31/7/2019,0
1.56484E+12,3305.817708,1905.597315,3/8/2019,0
1.56511E+12,8783.604167,2126.539568,6/8/2019,0
1.56537E+12,6723.380208,1867.710526,9/8/2019,0
1.56564E+12,7542.265625,2312.5,12/8/2019,0
1.5659E+12,5784.328125,2068.378698,15/8/2019,0
1.56617E+12,4374.296875,2371.58042,18/8/2019,0
1.56644E+12,8105.552083,2367.471831,22/8/2019,0
1.5667E+12,3482.666667,1786.143791,25/8/2019,0
1.56697E+12,6706.729167,2368.401316,28/8/2019,0
1.56724E+12,5399.421875,2252,31/8/2019,0
1.5675E+12,6979.822917,2178.457516,3/9/2019,0
1.56777E+12,6396.71875,2223.660131,6/9/2019,0
1.56804E+12,4048.286458,2322.766423,9/9/2019,0
1.5683E+12,3781.265625,2101.418182,12/9/2019,0
1.56857E+12,3209.6875,1996.27972,15/9/2019,0
1.56884E+12,6002.494792,2387.801471,18/9/2019,0
1.5691E+12,3354.989583,2096.193333,21/9/2019,0
1.56937E+12,6712.755208,1867.351648,24/9/2019,0
1.56963E+12,10659.23438,2059.04,28/9/2019,0
1.5699E+12,12732.84896,2130.92638,1/10/2019,0
1.57017E+12,6491.125,2338.581081,4/10/2019,0
1.57043E+12,3069.229167,1919.957831,7/10/2019,0
1.5707E+12,11813.92708,2229.147436,10/10/2019,0
1.57097E+12,2931.614583,1977.566038,13/10/2019,0
1.57123E+12,6252.760417,2358.34965,16/10/2019,0
1.5715E+12,3424.84375,2294.027211,19/10/2019,0
1.57177E+12,5771.963542,2121.309677,22/10/2019,0
1.57203E+12,10590.22917,2129.925926,25/10/2019,0
1.5723E+12,7460.015625,1968.21831,28/10/2019,0
1.57256E+12,7413.041667,2366.944056,31/10/2019,0
1.57283E+12,3987.796875,2146.028169,4/11/2019,0
1.5731E+12,8137.145833,2020.497041,7/11/2019,0
1.57336E+12,3054.552083,2381.144928,10/11/2019,0
1.57363E+12,13636.73958,2310.529851,13/11/2019,0
1.5739E+12,9712.229167,2225.598485,16/11/2019,0
1.57416E+12,10691.28646,2133.094203,19/11/2019,0
1.57443E+12,10197.69792,2384.075758,22/11/2019,0
1.5747E+12,6922.057292,2126.131944,25/11/2019,0
1.57496E+12,4354.348958,2232.459259,28/11/2019,0
1.57523E+12,3696.114583,2057.879747,1/12/2019,0
1.5755E+12,3198.21875,2176.221429,4/12/2019,0
1.57576E+12,2926.317708,2364.627737,7/12/2019,0
1.57603E+12,5331.84375,2040.977099,11/12/2019,0
1.57629E+12,4017.890625,2284.870504,14/12/2019,0
1.57656E+12,4735.229167,2202.047619,17/12/2019,0
1.57683E+12,4950.364583,2344.323308,20/12/2019,0
1.57709E+12,2752.229167,2124.524194,23/12/2019,0
1.57736E+12,2607.421875,2345.141791,26/12/2019,0
1.57763E+12,2626.34375,1767.715909,29/12/2019,0
1.57789E+12,3671.09375,2323.488,1/1/2020,0
1.57816E+12,2978.375,2222.096552,4/1/2020,0
1.57843E+12,5432.041667,1954.801205,7/1/2020,0
1.57869E+12,4452.302083,2096.219858,10/1/2020,0
1.57896E+12,8051.15625,1765.515337,13/1/2020,0
1.57922E+12,3757.34375,2239.570423,17/1/2020,0
1.57949E+12,3171.71875,1896.134969,20/1/2020,0
1.57976E+12,3565.895833,2392.77931,23/1/2020,0
1.58002E+12,2454.723958,2037.685535,26/1/2020,0
1.58029E+12,5013.739583,2063.559211,29/1/2020,0
1.58056E+12,6752.973958,2074.955975,1/2/2020,0
1.58082E+12,5469.6875,1826.902098,4/2/2020,0
1.58109E+12,10947.65104,2128.5125,7/2/2020,0
1.58136E+12,6901.411458,2011.417219,10/2/2020,0
1.58162E+12,14620.26042,2342.348485,13/2/2020,0
1.58189E+12,3459.755208,2409.625899,16/2/2020,0
1.58216E+12,7462.520833,2443.47541,20/2/2020,0
1.58242E+12,3579.15625,2411.921986,23/2/2020,0
1.58269E+12,8095.6875,2058,26/2/2020,0
1.58296E+12,3790.104167,2374.503546,29/2/2020,0
1.58322E+12,9390.541667,2058.087838,3/3/2020,0
1.58349E+12,5796.192708,2323.5625,6/3/2020,0
1.58376E+12,3196.973958,2332.848101,9/3/2020,0
1.58402E+12,19192.49479,2300.812081,12/3/2020,0
1.5843E+12,5836.1875,2144.349693,15/3/2020,0
1.58456E+12,14788.85417,1915.78481,18/3/2020,0
1.58483E+12,8316.5,2415.89916,21/3/2020,0
1.58509E+12,5225.515625,2186.15625,25/3/2020,0
1.58536E+12,5143.291667,2262.813008,28/3/2020,0
1.58563E+12,3863.130208,2610.954128,31/3/2020,0
1.5859E+12,3830.682292,2319.785714,3/4/2020,0
1.58616E+12,2256.182292,1830.175,6/4/2020,0
1.58643E+12,5526.260417,1541.854305,9/4/2020,0
1.58669E+12,2346.005208,1842.189542,12/4/2020,0
1.58696E+12,9039.052083,1613.210191,15/4/2020,0
1.58723E+12,9626.317708,1861.72619,18/4/2020,0
1.58749E+12,6058.578125,1770.460123,21/4/2020,0
1.58776E+12,8637.697917,1684.871345,24/4/2020,0
1.58803E+12,7069.677083,2096.772727,27/4/2020,0
1.58829E+12,55396.53646,1657.789474,1/5/2020,0
1.58856E+12,4404.041667,2127.900763,4/5/2020,0
1.58883E+12,7689.651042,2064.742647,7/5/2020,0
1.58909E+12,19412.48958,2100.487013,10/5/2020,0
1.58936E+12,15170.41667,2415.41844,13/5/2020,0
1.58963E+12,57095.88542,2063.911392,16/5/2020,0
1.58989E+12,45391.21354,2326.435374,19/5/2020,0
1.59016E+12,44439.16146,1686.994118,22/5/2020,0
1.59042E+12,15085.13021,2494.084034,25/5/2020,0
1.59069E+12,16004.45313,2353.611111,28/5/2020,0
1.59096E+12,2487.786458,2390.408696,31/5/2020,0
1.59122E+12,17504.66667,2511.567568,3/6/2020,0
1.59149E+12,2106.125,2127,7/6/2020,0
1.59176E+12,6794.703125,2289.389313,10/6/2020,0
1.59202E+12,5324.442708,1722.846667,13/6/2020,0
1.59229E+12,17572.73438,2258.992806,16/6/2020,0
1.59256E+12,25440.38021,1453.433673,19/6/2020,0
1.59282E+12,2885.088542,2044.2125,22/6/2020,0
1.59309E+12,7352.989583,1952.601227,25/6/2020,0
1.59335E+12,5996.885417,2133.826087,28/6/2020,0
1.59362E+12,25097.16146,2289.491935,1/7/2020,0
1.59389E+12,5534.213542,1776.986301,4/7/2020,0
1.59415E+12,9537.375,2246.913669,7/7/2020,0
1.59442E+12,8354.65625,1996.297101,10/7/2020,0
1.59469E+12,20795.48958,2039,14/7/2020,0
1.59495E+12,25088.78646,2030.730061,17/7/2020,0
1.59522E+12,9715.40625,2199.785714,20/7/2020,0
1.59549E+12,43691.01042,2211.695122,23/7/2020,0
1.59575E+12,16037.9375,1857.657895,26/7/2020,0
1.59602E+12,53737.5,2290.318841,29/7/2020,0
1.59629E+12,32618.75,2392.476923,1/8/2020,0
1.59655E+12,12080.86458,2502.968,4/8/2020,0
1.59682E+12,21517.74479,2294.608696,7/8/2020,0
1.59708E+12,17575.58333,2193.080537,10/8/2020,0
1.59735E+12,11162.33333,2428.066667,13/8/2020,0
1.59762E+12,4369.9375,2041.624113,16/8/2020,0
1.59788E+12,37163.58333,2262.124031,20/8/2020,0
1.59815E+12,14416.77604,1997.401408,23/8/2020,0
1.59842E+12,23352.4375,2272.415584,26/8/2020,0
1.59868E+12,10871.86979,2189.694611,29/8/2020,0
1.59895E+12,22695.54167,2343.552,1/9/2020,0
1.59922E+12,47763.32813,2285.5,4/9/2020,0
1.59948E+12,5557.927083,1839.031847,7/9/2020,0
1.59975E+12,18023.90625,2282.985915,10/9/2020,0
1.60001E+12,1970.916667,2005.363014,13/9/2020,0
1.60028E+12,8697.598958,2444.857143,16/9/2020,0
1.60055E+12,10267.70313,2209.525926,19/9/2020,0
1.60081E+12,26970.83854,1872.354286,22/9/2020,0
1.60108E+12,13798.50521,2189.753165,26/9/2020,0
1.60135E+12,24016.36458,1574.753086,29/9/2020,0
1.60161E+12,38885.48958,2210.380645,2/10/2020,0
1.60188E+12,2917.958333,1988.973154,5/10/2020,0
1.60215E+12,12378.58333,2426.271318,8/10/2020,0
1.60241E+12,5450.46875,2089.171598,11/10/2020,0
1.60268E+12,6461.072917,2290.511628,14/10/2020,0
1.60295E+12,6027.4375,2457.717742,17/10/2020,0
1.60321E+12,24155.88542,1696.322785,20/10/2020,0
1.60348E+12,49871.02083,2454,23/10/2020,0
1.60374E+12,26213.50521,2087.314685,26/10/2020,0
1.60401E+12,121958.5677,2007.319277,29/10/2020,0
1.60428E+12,64133.36979,2094.496774,2/11/2020,0
1.60454E+12,38354.32292,2431.432,5/11/2020,0
1.60481E+12,20985.39063,2475.087591,8/11/2020,0
1.60508E+12,11735.38542,2070.709402,11/11/2020,0
1.60534E+12,10977.66667,2613.4,14/11/2020,0
1.60561E+12,10893.55208,2440.672566,17/11/2020,0
1.60588E+12,17705.33333,2369.092857,20/11/2020,0
1.60614E+12,4620.239583,2224.51634,23/11/2020,0
1.60641E+12,35427.5625,1764.232432,26/11/2020,0
1.60667E+12,4439.135417,2030.34375,29/11/2020,0
1.60694E+12,50230.13542,1684.766667,2/12/2020,0
1.60721E+12,19875.27604,2270.362832,5/12/2020,0
1.60747E+12,12840.16146,2209.687898,9/12/2020,0
1.60774E+12,21856.22396,1901.647059,12/12/2020,0
1.60801E+12,12822.51563,2309.920863,15/12/2020,0
1.60827E+12,113429.6302,2237.954545,18/12/2020,0
1.60854E+12,12838.39063,2288.857143,21/12/2020,0
1.60881E+12,31119.25,2392.031847,24/12/2020,0
1.60907E+12,13385.98958,1984.073529,27/12/2020,0
1.60934E+12,18139.18229,2139.357143,30/12/2020,0
1.60961E+12,8367.791667,2087.871622,2/1/2021,0
1.60987E+12,18532.15104,1966.616279,5/1/2021,0
1.61014E+12,47107.02604,1967.622517,8/1/2021,0
1.6104E+12,54855.83333,2255.356688,11/1/2021,0
1.61067E+12,65648.64063,2422.472973,15/1/2021,0
1.61094E+12,42345.04688,2168.558442,18/1/2021,0
1.6112E+12,41785.78125,2304.823129,21/1/2021,0
1.61147E+12,35634.26042,2044.165414,24/1/2021,0
1.61174E+12,28982.23958,2232.687943,27/1/2021,0
1.612E+12,61287.95313,1969.090323,30/1/2021,0
1.61227E+12,49987.67708,2092.763975,2/2/2021,0
1.61254E+12,40454.47917,2243.657895,5/2/2021,0
1.6128E+12,28960.83333,2340.525,8/2/2021,0
1.61307E+12,85296.97396,2298.675,11/2/2021,0
1.61333E+12,49627.96354,1835.666667,14/2/2021,0
1.6136E+12,64450.96354,2382.923077,17/2/2021,0
1.61387E+12,80155.99479,2144.101911,21/2/2021,0
1.61413E+12,101962.3333,2449.487603,24/2/2021,0
1.6144E+12,69641.09896,2232.588235,27/2/2021,0
1.61467E+12,58416.49479,2145.736842,2/3/2021,0
1.61493E+12,57228.57292,2090.487179,5/3/2021,0
1.6152E+12,33955.20313,1941.343511,8/3/2021,0
1.61547E+12,44984.01563,2193.434211,11/3/2021,0
1.61573E+12,38465.26042,1894.493421,14/3/2021,0
1.616E+12,28675.82813,2140.585714,17/3/2021,0
1.61627E+12,22079.36979,2138.293333,20/3/2021,0
1.61653E+12,36763.32813,1974.533784,23/3/2021,0
1.6168E+12,42033.77083,2182.355263,26/3/2021,0
1.61706E+12,46739.98958,1506,30/3/2021,0
1.61733E+12,48783.73438,2007.190789,2/4/2021,0
1.6176E+12,31041.40625,1812.949686,5/4/2021,0
1.61786E+12,38019.00521,2199.246575,8/4/2021,0
1.61813E+12,29097.50521,2184.2,11/4/2021,0
1.6184E+12,63168.09375,1852.858974,14/4/2021,0
1.61866E+12,100355.724,2078.61194,17/4/2021,0
1.61893E+12,119663.6615,1747.924138,20/4/2021,0
1.6192E+12,118226.1927,2203.659259,23/4/2021,0
1.61946E+12,48225.13021,2138.241758,26/4/2021,0
1.61973E+12,44230.09375,2187.320313,29/4/2021,0
1.61999E+12,24308.14583,2190.6,2/5/2021,0
1.62026E+12,33335.59375,2111.289474,6/5/2021,0
1.62053E+12,22691.49479,2126.762295,9/5/2021,0
1.62079E+12,15749.625,1271.427027,12/5/2021,0
1.62106E+12,25911.14063,1973.082803,15/5/2021,0
1.62133E+12,22732.19271,1606.380117,18/5/2021,0
1.62159E+12,64518.71875,1814.622093,21/5/2021,0
1.62186E+12,23567.53646,1985.485075,24/5/2021,0
1.62213E+12,21177.22917,2073.636364,27/5/2021,0
1.62239E+12,13326.11979,2036.0625,30/5/2021,0
1.62266E+12,7266.651042,1632.941176,2/6/2021,0
1.62293E+12,2351.276042,1891.418033,5/6/2021,0
1.62319E+12,3588.229167,1709.758621,8/6/2021,0
1.62346E+12,31103.71875,1651.838028,12/6/2021,0
1.62372E+12,10230.45833,1806.656489,15/6/2021,0
1.62399E+12,3181.6875,1770.518797,18/6/2021,0
1.62426E+12,8255.78125,2143.923729,21/6/2021,0
1.62452E+12,25905.96354,1417.409091,24/6/2021,0
1.62479E+12,10389.15625,2056.398374,27/6/2021,0
1.62506E+12,51626.5625,1815.941748,30/6/2021,0
1.62532E+12,49991.875,2159.593407,3/7/2021,0
1.62559E+12,3590.942708,1984.045455,6/7/2021,0
1.62586E+12,4026.828125,2504.574713,9/7/2021,0
1.62612E+12,4216.734375,2423.715789,12/7/2021,0
1.62639E+12,3859.276042,1334.135294,15/7/2021,0
1.62665E+12,1517.104167,1505.111111,19/7/2021,0
1.62692E+12,2688.770833,1140.751634,22/7/2021,0
1.62719E+12,1965.291667,1600.146497,25/7/2021,0
1.62745E+12,1842.432292,1312.329114,28/7/2021,0
1.62772E+12,2102.625,1456.792899,31/7/2021,0
1.62799E+12,2458.114583,1640.314465,3/8/2021,0
1.62825E+12,2119.770833,1662.236842,6/8/2021,0
1.62852E+12,1575.848958,1661.993377,9/8/2021,0
1.62879E+12,3906.776042,1023.291209,12/8/2021,0
1.62905E+12,1196.890625,1832.096296,15/8/2021,0
1.62932E+12,3476.109375,1290.629412,18/8/2021,0
1.62959E+12,2333.78125,1714.181818,21/8/2021,0
1.62985E+12,4249.286458,1758.993151,25/8/2021,0
1.63012E+12,4346.760417,1858.925926,28/8/2021,0
1.63038E+12,4089.125,1945.637584,31/8/2021,0
1.63065E+12,6048.473958,1250.402439,3/9/2021,0
1.63092E+12,2475.177083,1904.809859,6/9/2021,0
1.63118E+12,6325.447917,1475.97973,9/9/2021,0
1.63145E+12,2285.296875,1595.994048,12/9/2021,0
1.63172E+12,5045.65625,1843.809524,15/9/2021,0
1.63198E+12,2645.3125,1647.762195,18/9/2021,0
1.63225E+12,4258.338542,1628.418182,21/9/2021,0
1.63252E+12,2853.291667,1406.906475,24/9/2021,0
1.63278E+12,2456.21875,1861.469231,27/9/2021,0
1.63305E+12,2891.229167,1382.771277,1/10/2021,0
1.63331E+12,2915.020833,1905.719512,4/10/2021,0
1.63358E+12,25714.79167,2333.566667,7/10/2021,0
1.63385E+12,2147.53125,1919.068493,10/10/2021,0
1.63411E+12,6274.838542,2061.189781,13/10/2021,0
1.63438E+12,13692.09375,1349.26875,16/10/2021,0
1.63465E+12,6357.395833,1958.47651,19/10/2021,0
1.63491E+12,4755.458333,1544.42069,22/10/2021,0
1.63518E+12,2045.291667,1960.193333,25/10/2021,0
1.63545E+12,2791.864583,1787.912281,28/10/2021,0
1.63571E+12,2280.088542,1981.635135,31/10/2021,0
1.63598E+12,3476.125,2021.965035,3/11/2021,0
1.63625E+12,1822.276042,1477.960784,7/11/2021,0
1.63651E+12,10372.66667,2020.302013,10/11/2021,0
1.63678E+12,4891.083333,1559.699346,13/11/2021,0
1.63704E+12,4016.489583,2211.507692,16/11/2021,0
1.63731E+12,3943.484375,1537.899281,19/11/2021,0
1.63758E+12,3544.026042,2105.270073,22/11/2021,0
1.63784E+12,4781.390625,1636.606452,25/11/2021,0
1.63811E+12,2480.28125,1872.357143,28/11/2021,0
1.63838E+12,13744.42188,1739.583333,1/12/2021,0
1.63864E+12,2520.484375,1973.12766,4/12/2021,0
1.63891E+12,2809.239583,2227.878261,7/12/2021,0
1.63918E+12,4240.338542,1387.375839,10/12/2021,0
1.63944E+12,5274.791667,1949.290541,14/12/2021,0
1.63971E+12,6752.213542,1413.62585,17/12/2021,0
1.63997E+12,2216.072917,1980.761194,20/12/2021,0
1.64024E+12,2536.645833,1808.993289,23/12/2021,0
1.64051E+12,3061.15625,1677.092857,26/12/2021,0
1.64077E+12,9737.109375,1814.376712,29/12/2021,0
1.64104E+12,2399.927083,1490.375887,1/1/2022,0
1.64131E+12,5370.109375,1956.352518,4/1/2022,0
1.64157E+12,3926.921875,1411.885542,7/1/2022,0
1.64184E+12,3586.625,1948.948529,10/1/2022,0
1.64211E+12,2777.963542,2032.447761,13/1/2022,0
1.64237E+12,1208.020833,1804.746667,16/1/2022,0
1.64264E+12,2424.5625,1953.625954,20/1/2022,0
1.64291E+12,5575.291667,1418.993151,23/1/2022,0
1.64317E+12,4842.416667,1823.431373,26/1/2022,0
1.64344E+12,4063.411458,2173.495798,29/1/2022,0
1.6437E+12,5962.151042,1797.727273,1/2/2022,0
1.64397E+12,2414.296875,1821.091549,4/2/2022,0
1.64424E+12,3417.21875,1618.248366,7/2/2022,0
1.6445E+12,8247.453125,1627.853503,10/2/2022,0
1.64477E+12,1881.505208,1392.604167,13/2/2022,0
1.64504E+12,2539.703125,1675.166667,16/2/2022,0
1.6453E+12,3135.84375,1763.384,19/2/2022,0
1.64557E+12,2394.385417,1732.308642,22/2/2022,0
1.64584E+12,3038.223958,1885.618705,26/2/2022,0
1.6461E+12,3541.041667,1725.952703,1/3/2022,0
1.64637E+12,4049.958333,1803.813793,4/3/2022,0
1.64663E+12,1907.098958,1378.092715,7/3/2022,0
1.6469E+12,9508.359375,1783.16129,10/3/2022,0
1.64717E+12,1920.369792,1564.025806,13/3/2022,0
1.64743E+12,3131.395833,1775.630872,16/3/2022,0
1.6477E+12,5090.895833,1863.583333,19/3/2022,0
1.64797E+12,6042.291667,1844.679245,22/3/2022,0
1.64823E+12,6130.833333,2023.26087,25/3/2022,0
1.6485E+12,3120.90625,1622.76259,28/3/2022,0
1.64877E+12,11850.89063,1824.266667,31/3/2022,0
1.64903E+12,2599.447917,1521.51634,4/4/2022,0
1.6493E+12,3194.46875,1822.477124,7/4/2022,0
1.64957E+12,1859.578125,1612.85443,10/4/2022,0
1.64983E+12,3679.015625,1838.962687,13/4/2022,0
1.6501E+12,2095.96875,1671.230769,16/4/2022,0
1.65036E+12,4408.760417,1298.19883,19/4/2022,0
1.65063E+12,3680.78125,1688.852941,22/4/2022,0
1.6509E+12,4050.635417,1744.2,25/4/2022,0
1.65116E+12,4196.640625,1852.633333,28/4/2022,0
1.65143E+12,1624.171875,2020.330986,1/5/2022,0
1.65171E+12,11629.56771,1803.296774,4/5/2022,0
1.65197E+12,3376.875,2031.140741,8/5/2022,0
1.65224E+12,2996.182292,1929.778689,11/5/2022,0
1.6525E+12,63213.84375,1961.992537,14/5/2022,0
1.65277E+12,6020.901042,1668.333333,17/5/2022,0
1.65304E+12,7010.192708,1965.55,20/5/2022,0
1.6533E+12,4246.286458,1959.804348,23/5/2022,0
1.65357E+12,3100.833333,1765.058442,26/5/2022,0
1.65384E+12,2452.807292,2119.208,29/5/2022,0
1.6541E+12,10049.40625,1379.047945,1/6/2022,0
1.65437E+12,3578.5625,1469.646067,4/6/2022,0
1.65464E+12,2234.776042,1493.519481,7/6/2022,0
1.6549E+12,5248.40625,1939.938356,10/6/2022,0
1.65517E+12,18850.82813,2329.388889,14/6/2022,0
1.65543E+12,7893.036458,1792.69697,17/6/2022,0
1.6557E+12,2101.979167,1679.032895,20/6/2022,0
1.65597E+12,4437.760417,1498.224638,23/6/2022,0
1.65623E+12,6557.354167,1755.490066,26/6/2022,0
1.6565E+12,4209.322917,1703.594203,29/6/2022,0
1.65677E+12,5053.036458,2083.29661,2/7/2022,0
1.65703E+12,5424.776042,1813.047297,5/7/2022,0
1.6573E+12,3312.854167,1865.707317,8/7/2022,0
1.65757E+12,2714.255208,2313.66129,11/7/2022,0
1.65783E+12,11773.02083,1630.298387,14/7/2022,0
1.6581E+12,2945.494792,2065.039683,17/7/2022,0
1.65837E+12,11446.95833,1452.883117,21/7/2022,0
1.65863E+12,1808.776042,1655.38125,24/7/2022,0
1.6589E+12,2965.526042,1928.821918,27/7/2022,0
1.65916E+12,4250.078125,1835.367647,30/7/2022,0
1.65943E+12,3127.833333,2118.992424,2/8/2022,0
1.6597E+12,5868.411458,1233.716981,5/8/2022,0
1.65996E+12,2686.833333,1787.608108,8/8/2022,0
1.66023E+12,6512.484375,1678.47482,11/8/2022,0
1.6605E+12,2274.03125,1850.648649,14/8/2022,0
1.66077E+12,6613.583333,1572.52809,17/8/2022,0
1.66103E+12,2027.171875,1727.82069,20/8/2022,0
1.6613E+12,2339.4375,1638.113208,23/8/2022,0
1.66156E+12,2818.78125,1255.335404,27/8/2022,0
1.66183E+12,3245.911458,1783.732877,30/8/2022,0
1.6621E+12,6186.8125,1650.319728,2/9/2022,0
1.66236E+12,1438.46875,1888.204225,5/9/2022,0
1.66263E+12,4012.385417,1978.564626,8/9/2022,0
1.6629E+12,2744.973958,1757.980392,11/9/2022,0
1.66316E+12,7061.645833,1884.632653,14/9/2022,0
1.66343E+12,9097.447917,1379.194805,17/9/2022,0
1.6637E+12,5086.864583,1850.524823,20/9/2022,0
1.66396E+12,6128.682292,1561.917808,23/9/2022,0
1.66423E+12,3724.614583,2101.682171,26/9/2022,0
1.6645E+12,4128.182292,1696.284024,29/9/2022,0
1.66476E+12,1836.911458,1778.051948,3/10/2022,0
1.66503E+12,2612.677083,1749.710692,6/10/2022,0
1.66529E+12,1556.807292,1336.949367,9/10/2022,0
1.66556E+12,2865.34375,1906.540146,12/10/2022,0
1.66583E+12,4310.53125,1590.513158,15/10/2022,0
1.66609E+12,4870.96875,1814.746479,18/10/2022,0
1.66636E+12,2481.53125,1735.519231,21/10/2022,0
,,1881.469603,,